Id,Date,Tsu,Vol,Location_Name,Latitude,Longitude,Focal_Depth_km,Mag,MMI_Int,Total_Deaths,Total_Injuries,Temp_C,Wind_ms,Precip_mm
usp000jmmc,2012-06-11,0,0,AFGHANISTAN:  HINDU KUSH,36.023,69.351,16,5.8,0,75,13,18.7,8.9,1.4
usp000jyqe,2018-11-28,0,0,AFGHANISTAN:  HINDU KUSH:  BAGHLAN,35.808,68.687,22,4.9,0,0,9,9.1,7.9,0.3
usb000geu9,2013-04-24,0,0,AFGHANISTAN:  KAMA,34.526,70.22,64,5.5,0,18,141,23.1,7.6,0.0
us20005gsg,2016-04-10,0,0,AFGHANISTAN:  KHYBER PAKHTUNKHWA,36.473,71.131,212,6.6,5,6,5,-7.1,5.2,3.9
usp000hbmk,2010-04-18,0,0,AFGHANISTAN:  SAMANGAN PROVINCE,35.633,67.658,13,5.6,0,11,70,9.4,8.6,6.5
us7000gclu,2022-01-17,0,0,AFGHANISTAN: BADGHIS: QADIS,34.946,63.58,18,5.3,8,28,4,9.9,14.6,0.7
us100078bp,2015-10-26,0,0,AFGHANISTAN: HINDU KUSH,36.524,70.368,231,7.5,7,399,1770,-0.2,6.2,1.5
us7000i57m,2022-09-04,0,0,"AFGHANISTAN: KUNAR, LAGHMAN, NANGARHAR",34.662,70.702,10,5.1,7,8,0,31.9,12.0,7.8
us6000i3el,2022-06-21,0,0,AFGHANISTAN: PAKTIKA PROVINCE; PAKISTAN,33.092,69.514,10,5.9,9,1150,1600,15.3,13.3,11.0
us2000abl2,2018-05-09,0,0,AFGHANISTAN: TAKHAR;  PAKISTAN,36.994,71.382,116,6.2,0,0,13,4.8,6.5,0.0
us100049i1,2015-12-25,0,0,AFGHANISTAN; PAKISTAN,36.494,71.126,206,6.3,5,4,97,-19.1,1.3,0.1
us2000crmu,2018-01-31,0,0,AFGHANISTAN; PAKISTAN:  BALUCHISTAN,36.526,70.851,194,6.2,6,2,15,-2.4,7.2,4.2
usp000j7dc,2015-07-27,5591,0,ALASKA,52.214,-169.399,23,6.9,0,0,0,0.0,0.0,0.0
ak020a7dzfzp,2020-07-22,5753,0,ALASKA,55.03,-158.522,28,7.8,8,0,0,0.0,0.0,0.0
us6000gg09,2020-10-19,5755,0,ALASKA,54.608,-159.655,33,7.6,8,0,0,0.0,0.0,0.0
ak0219p0hp3k,2021-07-29,5799,0,ALASKA PENINSULA,55.325,-157.841,32,8.2,8,0,0,0.0,0.0,0.0
us2000cmy3,2014-06-23,5571,0,ALASKA:  ALEUTIAN ISLANDS,51.849,178.735,109,7.9,0,0,0,0.0,0.0,0.0
us20009jd6,2011-09-02,5438,0,ALASKA:  ALEUTIAN ISLANDS:  FOX ISLANDS,52.171,-171.708,32,6.8,0,0,0,0.0,0.0,0.0
usb000jdt7,2018-11-30,0,0,ALASKA:  ANCHORAGE,61.316,-149.925,54,7.0,0,0,117,-0.2,7.0,0.0
ak01613v15nv,2016-01-24,0,0,ALASKA:  KENAI,59.658,-153.452,126,7.1,6,0,0,2.3,31.9,11.1
us2000cmy3,2018-01-23,5673,0,ALASKA:  KODIAK ISLAND,56.004,-149.166,14,7.9,9,0,0,0.0,0.0,0.0
us10008mel,2017-05-01,5649,0,ALASKA:  SKAGWAY; CANADA:  BRITISH COLUMBIA,59.852,-136.677,1,6.2,0,0,0,5.2,12.0,1.1
ak0138esnzr,2013-01-05,5472,0,ALASKA:  SOUTHEASTERN,55.393,-134.652,10,7.5,0,0,0,0.0,0.0,0.0
ak0149guzic1,2014-07-25,5575,0,ALASKA:  SOUTHEASTERN,58.306,-136.96,10,6.1,4,0,0,13.9,20.6,21.7
usc000myqq,2011-06-24,5432,0,ALASKA: ALEUTIAN ISLANDS: FOX ISLANDS,52.05,-171.836,52,7.3,0,0,0,0.0,0.0,0.0
us70006d0m,2014-05-19,0,0,ALBANIA:  BELSH,41.115,19.777,10,5.0,4,0,0,21.1,8.4,0.3
us70006dsc,2019-09-21,0,0,ALBANIA:  DURRES,41.381,19.454,10,5.6,0,0,132,25.9,11.9,0.0
us70006d2z,2019-11-26,0,0,"ALBANIA:  DURRES, THUMANE, TIRANA",41.521,19.559,20,6.4,0,51,2000,18.3,7.7,0.0
us70003u1a,2019-06-01,0,0,ALBANIA:  KORCE,40.501,20.722,10,5.2,0,0,4,18.2,7.1,3.2
usp000hcre,2013-05-19,0,0,ALGERIA:  ALGIERS,36.703,5.261,7,4.9,0,0,5,20.6,13.7,0.0
usb000rz1p,2014-08-01,0,0,ALGERIA:  ALGIERS,36.841,3.301,30,5.5,6,6,420,30.7,11.9,0.0
us6000h5zu,2014-12-23,0,0,ALGERIA:  BLIDA,36.492,3.025,7,4.9,0,0,0,16.3,12.0,0.0
us20005yxt,2013-07-17,0,0,ALGERIA:  HAMMAM MELOUANE,36.534,3.086,10,4.8,0,0,11,29.4,18.2,0.0
usc000ta2u,2016-05-28,0,0,ALGERIA:  MEDEA:  MIHOUB,36.431,3.517,11,5.4,5,0,28,26.8,18.9,0.1
usp000hctt,2010-05-14,0,0,ALGERIA:  NORTHERN:  BENI YELLMAN,35.9,4.12,2,5.2,0,2,43,15.1,36.7,9.9
us7000dker,2021-03-18,5776,0,ALGERIA: BEJAIA,36.915,5.199,8,6.0,8,0,17,15.8,14.5,0.5
us7000hbzi,2010-05-29,4822,5184,"ANATAHAN REGION, N. MARIANA ISLANDS",16.591,145.682,10,4.4,0,0,0,0.0,0.0,0.0
us10003pc9,2015-10-17,0,0,ARGENTINA:  GALPON,-25.442,-64.632,33,5.8,7,2,30,21.9,11.1,0.0
usp000h7yb,2010-02-27,0,0,ARGENTINA:  SALTA,-24.872,-65.602,10,6.3,0,2,2,12.4,10.6,8.4
us20008kn8,2021-01-19,0,0,ARGENTINA:  SAN JUAN PROVINCE,-31.83,-68.806,20,6.4,6,0,14,26.0,8.9,0.0
usp000hbp6,2010-04-20,0,0,AUSTRALIA:  KALGOORLIE,-30.794,121.406,0,5.2,0,0,3,34.3,20.5,0.0
us10002w8v,2014-02-26,0,0,AUSTRALIA:  KALGOORLIE,-30.686,121.332,1,4.5,0,0,0,24.7,19.8,0.0
us10002x1x,2021-09-21,0,0,AUSTRALIA: MELBOURNE,-37.491,146.363,10,5.9,5,0,0,11.6,17.9,0.0
us10008re3,2019-02-05,0,0,AZERBAIJAN:  SHEMAKHA (SEMACHA),40.896,48.607,10,5.0,0,0,30,2.1,10.5,0.0
us20003g7a,2012-05-07,0,0,AZERBAIJAN:  ZAGATALA,41.549,46.789,11,5.7,0,0,50,19.4,8.0,4.0
us1000ej4g,2018-06-05,0,0,AZERBAIJAN: SHAKI-ZAQATALA,41.526,46.786,22,5.3,0,1,31,23.3,7.1,0.1
us6000hfqj,2015-02-21,0,0,BALKANS NW:  BOSNIA-HERZEGOVINA:,44.534,18.934,7,3.6,0,4,1,13.0,9.8,1.3
us6000d3zh,2020-12-29,0,0,BALKANS NW:  CROATIA:  PETRINJA,45.422,16.255,10,6.4,9,8,36,13.3,19.6,0.0
us70008dx7,2020-03-22,0,0,BALKANS NW:  CROATIA:  ZAGREB,45.897,15.966,10,5.4,8,1,27,3.0,21.3,0.1
us10006nuj,2016-09-11,0,0,BALKANS NW:  MACEDONIA,42.008,21.488,13,5.1,6,0,137,29.1,6.6,0.1
us1000c0lz,2018-01-04,0,0,BALKANS NW:  MONTENEGRO: BERANE,42.66,19.862,10,5.1,4,0,0,1.9,7.5,5.3
us70006d4h,2022-04-22,0,0,"BALKANS NW: BOSNIA-HERZEGOVINA: MOSTAR, STOLAC",43.061,18.176,10,5.7,7,1,0,12.1,23.9,27.3
ak018fe5jk85,2015-03-08,0,0,BALKANS NW: SERBIA:  KOSJERIC,44.088,19.861,20,4.4,4,0,0,0.5,14.8,0.4
usp000hny4,2010-11-03,0,0,BALKANS NW: SERBIA:  KRALJEVO,43.76,20.673,1,5.5,6,2,100,19.7,9.8,0.0
usp000hkhw,2010-09-10,0,0,BANGLADESH:  NARAYANGANJ,23.407,90.648,10,4.8,5,0,0,31.9,14.1,8.4
us100041lm,2012-05-19,0,0,BRAZIL:  MONTES CLAROS,-16.764,-43.999,10,4.1,0,0,0,25.2,18.9,0.0
us6000gdng,2012-05-22,0,0,BULGARIA: PERNIK,42.645,22.968,10,5.6,7,0,0,19.0,18.1,7.1
nc71819391,2014-03-29,0,0,"CALIFORNIA:  LA HABRA, BREA, FULLERTON",33.863,-117.835,4,5.1,6,0,0,21.8,19.3,0.0
nc72689331,2014-08-24,0,0,"CALIFORNIA:  NAPA, VALLEJO",38.216,-122.312,11,6.1,8,1,257,21.8,16.6,0.0
nc72373456,2010-06-15,0,0,CALIFORNIA:  OCOTILLO,32.7,-115.921,5,5.8,0,0,0,39.6,9.1,0.0
us20007z6r,2010-01-10,0,0,CALIFORNIA:  OFF COAST NORTHERN,40.652,-124.692,29,6.5,0,0,30,0.0,0.0,0.0
us2000cpba,2019-07-06,0,0,CALIFORNIA:  RIDGECREST,35.766,-117.605,8,7.1,0,0,0,37.6,11.9,0.0
us2000cpcn,2019-07-04,0,0,CALIFORNIA:  RIDGECREST;  NEVADA,35.705,-117.506,11,6.4,0,1,0,35.8,20.1,0.0
ld2010062300,2010-06-23,0,0,"CANADA:  QUEBEC:  VAL-DES-BOIS, GRACEFIELD",45.88,-75.48,22,5.2,6,0,0,22.6,14.0,2.8
us1000hfgv,2012-10-28,5467,0,CANADA:  QUEEN CHARLOTTE ISLANDS,52.788,-132.101,14,7.7,0,1,0,8.0,15.5,1.6
us70005lzd,2016-12-25,5637,0,CHILE,-43.517,-74.391,30,7.6,7,0,0,0.0,0.0,0.0
usp000hbnd,2012-05-14,0,0,CHILE:  ARICA; PERU:  TACNA,-17.678,-69.591,10,6.3,0,0,0,13.6,19.2,0.0
usp000h96a,2015-09-16,5590,0,CHILE:  CENTRAL,-31.573,-71.674,22,8.3,9,15,14,14.5,10.5,0.0
us2000j6hy,2019-09-29,0,0,CHILE:  CONCEPCION,-35.473,-73.162,11,6.8,0,1,0,0.0,0.0,0.0
us100048du,2019-06-14,5710,0,CHILE:  COQUIMBO,-30.056,-72.082,11,6.4,0,0,0,0.0,0.0,0.0
usp000h7yw,2019-01-20,0,0,"CHILE:  COQUIMBO, LA SERENA",-30.04,-71.382,63,6.7,0,2,0,24.7,13.3,0.0
us2000cm0f,2014-03-16,5555,0,CHILE:  IQUIQUE,-19.965,-70.814,21,6.7,6,0,0,0.0,0.0,0.0
us6000crcq,2015-11-11,5592,0,CHILE:  LA SERENA,-29.439,-72.105,10,6.9,7,0,0,0.0,0.0,0.0
usc000nzwg,2010-02-27,4682,0,"CHILE:  MAULE, CONCEPCION, TALCAHUANO",-36.122,-72.898,23,8.8,9,558,12000,24.6,11.6,0.0
us10001nrg,2014-04-03,5558,0,CHILE:  NORTHERN:  IQUIQUE,-20.571,-70.493,22,7.7,8,0,0,0.0,0.0,0.0
us70006fh0,2014-04-01,5557,0,"CHILE:  NORTHERN:  IQUIQUE, ALTO HOSPICIO",-19.61,-70.769,25,8.2,8,7,0,0.0,0.0,0.0
usc000nl19,2011-02-11,5406,0,CHILE:  OFF COAST CENTRAL,-36.474,-73.125,28,6.8,0,0,0,21.3,20.5,0.0
us2000je9g,2020-12-27,5760,0,CHILE:  OFF COAST CENTRAL,-39.343,-74.99,10,6.7,5,0,0,0.0,0.0,0.0
us60004ys7,2012-03-25,0,0,"CHILE:  PARRAL, SANTIAGO",-35.2,-72.217,41,7.2,0,1,14,25.0,15.3,0.0
us10008l3j,2010-03-11,4722,0,CHILE:  RANCAGUA,-34.29,-71.891,11,6.9,0,0,0,20.1,18.0,0.0
us2000a3js,2017-08-02,0,0,CHILE:  SANTIAGO,-33.201,-70.614,99,5.4,0,1,0,16.6,6.9,0.0
us10003ita,2019-09-26,0,0,CHILE:  SOUTH CENTRAL,-40.815,-72.002,129,6.1,0,1,0,11.9,12.0,0.0
us60007ibj,2012-04-17,0,0,CHILE:  VALPARAISO,-32.625,-71.365,29,6.7,0,2,0,21.2,8.8,0.0
usp000hsq0,2017-04-24,5647,0,CHILE:  VALPARAISO,-33.038,-72.062,28,6.9,9,0,0,0.0,0.0,0.0
us20003fe4,2014-10-09,5577,0,CHILE: EASTER ISLAND REGION,-32.108,-110.811,17,7.0,0,0,0,0.0,0.0,0.0
us1000hful,2013-07-21,0,0,"CHINA:   GANSU:  DINGXI, MIN",34.512,104.262,8,6.0,0,94,1001,16.9,11.3,3.2
us6000dvwp,2017-03-26,0,0,CHINA:   YUNNAN PROVINCE,25.938,99.841,28,5.0,2,0,1,20.0,9.3,4.8
us1000hcmu,2015-03-01,0,0,"CHINA:   YUNNAN PROVINCE:  CANGYUAN, GENGMA",23.5,98.9,11,5.5,0,0,39,32.2,5.5,0.0
us2000a65e,2020-05-18,0,0,CHINA:   YUNNAN PROVINCE:  QIAOJIA,27.296,103.281,10,5.2,0,4,24,25.0,6.2,0.0
us700071qm,2014-10-07,0,0,CHINA:   YUNNAN PROVINCE:  YONGPING,23.383,100.47,9,6.1,0,1,323,23.2,7.4,0.0
usp000j6a4,2018-08-12,0,0,CHINA:   YUNNAN PROVINCE:  YUXI,24.298,102.91,10,5.0,0,0,24,21.1,10.5,5.2
us60007anp,2015-03-14,0,0,CHINA:  ANHUI PROVINCE:  FUYANG,33.15,115.8,10,4.6,0,2,13,13.8,15.1,0.0
us10007euj,2016-07-31,0,0,CHINA:  GUANGXI PROVINCE,24.134,111.478,25,4.9,0,0,0,33.7,6.1,1.9
us100040dw,2019-11-25,0,0,CHINA:  GUANGXI PROVINCE,22.96,106.711,10,5.0,0,1,4,22.2,20.6,0.7
usp000jn65,2010-01-17,0,0,CHINA:  GUIZHOU PROVINCE,25.558,105.804,27,4.4,0,7,9,14.6,8.4,0.0
usp000hdt2,2012-07-20,0,0,CHINA:  JIANGSU PROVINCE,32.978,119.593,10,4.9,0,1,2,33.4,12.4,0.0
us70009dda,2018-05-27,0,0,CHINA:  JILIN PROVINCE:  NINGJIANG,45.236,124.642,10,5.3,0,0,0,16.1,11.7,1.9
us600044mq,2013-11-22,0,0,CHINA:  JILIN PROVINCE:  SONGYUAN,44.599,124.168,10,5.3,0,0,0,3.3,17.6,0.0
us2000hat7,2019-05-17,0,0,CHINA:  JILIN PROVINCE:  SONGYUAN,45.205,124.611,17,4.8,0,0,0,25.2,29.5,6.9
us7000gba0,2016-12-08,0,0,CHINA:  N. XINJIANG:  URUMQI,43.823,86.345,18,6.0,3,1,0,0.0,9.0,0.4
usp000jncx,2011-06-26,0,0,CHINA:  QINGHAI PROVINCE,32.447,95.948,29,5.3,0,0,0,10.8,13.9,0.8
us7000gcnx,2020-04-01,0,0,CHINA:  QINGHAI PROVINCE,33.124,98.916,10,5.3,0,0,0,-5.3,12.9,0.0
us700049qz,2010-04-13,0,0,CHINA:  QINGHAI PROVINCE:  YUSHU,33.165,96.548,17,6.9,0,2220,12135,0.4,12.5,2.8
us2000i4he,2015-07-03,0,0,CHINA:  S. XINJIANG:  HOTAN,37.6,78.2,10,6.4,0,3,263,33.5,19.0,0.0
usp000jms9,2022-06-09,0,0,CHINA:  SICHUAN PROVINCE,32.365,101.878,16,5.9,8,0,4,11.5,13.0,7.0
usc000t48q,2022-09-05,0,0,CHINA:  SICHUAN PROVINCE,29.726,102.279,10,6.6,9,93,400,17.8,6.5,0.0
us10004e85,2017-08-08,0,0,CHINA:  SICHUAN PROVINCE:  ABA,33.193,103.855,9,6.5,5,29,525,19.1,7.2,4.0
usb000sjim,2014-11-22,0,0,CHINA:  SICHUAN PROVINCE:  GARZE,30.34,101.737,9,5.9,3,5,65,-0.7,7.9,0.0
us7000ga05,2015-01-14,0,0,CHINA:  SICHUAN PROVINCE:  LESHAN,29.353,103.199,10,5.3,6,0,11,4.8,5.2,0.0
usp000jfyz,2013-04-20,0,0,CHINA:  SICHUAN PROVINCE:  LONGMEN,30.308,102.888,14,6.6,0,196,11470,19.8,7.6,0.0
usp000hskd,2011-04-10,0,0,CHINA:  SICHUAN PROVINCE:  LUHUO,31.373,100.757,43,5.1,0,0,0,-2.6,3.7,0.0
usp000h9x3,2010-01-30,0,0,CHINA:  SICHUAN PROVINCE: MOXI,30.268,105.668,10,4.7,0,1,15,15.3,9.7,0.2
usc000t440,2019-09-07,0,0,CHINA:  SICHUAN PROVINCE: NEIJIANG,29.573,105.064,10,5.1,0,1,63,28.2,9.7,16.9
usc000tefb,2019-12-18,0,0,CHINA:  SICHUAN PROVINCE: NEIJIANG,29.639,104.946,10,5.2,0,0,18,8.6,14.3,3.0
us7000616z,2010-08-29,0,0,"CHINA:  SICHUAN PROVINCE: NINGANG, ZIAOJIA",27.197,103.005,35,4.9,0,0,14,20.6,6.2,0.1
usp000h9x8,2019-02-25,0,0,CHINA:  SICHUAN PROVINCE: RONGXIAN,29.47,104.609,10,4.9,0,2,12,13.0,7.7,1.1
usp000hbh5,2018-12-16,0,0,CHINA:  SICHUAN:  YIBIN,28.295,105.013,18,5.3,0,0,17,14.5,8.0,0.0
us10004e7h,2019-01-03,0,0,CHINA:  SICHUAN:  YIBIN,28.19,104.918,10,4.8,0,0,774,5.2,7.6,1.5
usb000j0v3,2019-06-17,0,0,CHINA:  SICHUAN:  YIBIN,28.405,104.957,10,5.8,0,13,200,24.9,6.6,8.0
us2000duzh,2016-05-11,0,0,CHINA:  TIBET (XIZANG PROVINCE),32.022,95.027,8,5.2,0,0,60,1.1,11.2,0.0
us1000eczp,2017-11-17,0,0,CHINA:  TIBET (XIZANG PROVINCE): NYINGCHI,29.833,94.984,8,6.4,9,0,3,-6.6,4.3,0.0
usb000j0t5,2013-08-11,0,0,CHINA:  TIBET (XIZANG PROVINCE): QAMDO,30.046,97.957,6,5.7,0,0,0,12.7,4.2,13.7
usb000fim7,2017-08-08,0,0,CHINA:  XINGJIANG: BORTALA,44.302,82.832,20,6.3,0,0,32,24.7,11.2,0.0
us7000gx8m,2013-03-11,0,0,CHINA:  XINJIAN PROVINCE:  S,40.119,77.466,10,5.1,0,0,0,12.1,9.0,0.0
usb000fiqa,2011-11-01,0,0,CHINA:  XINJIANG PROVINCE,43.648,82.437,28,5.6,0,0,0,2.7,11.4,0.3
us600041sa,2012-06-29,0,0,CHINA:  XINJIANG PROVINCE,43.433,84.7,18,6.3,0,0,52,13.8,7.7,3.3
us7000h2dx,2020-01-19,0,0,CHINA:  XINJIANG PROVINCE,39.831,77.106,6,6.0,0,1,2,-0.5,8.8,0.0
us7000gebb,2011-06-08,0,0,CHINA:  XINJIANG PROVINCE:  DABANCHENG,43.015,88.247,21,5.3,0,0,8,33.5,16.6,0.0
us10006dd6,2016-11-25,0,0,CHINA:  XINJIANG PROVINCE:  KASHGAR,39.273,73.978,17,6.6,7,1,0,-12.6,7.9,1.0
us2000a5x1,2012-11-26,0,0,CHINA:  XINJIANG PROVINCE:  RUOQIANG,40.411,90.355,10,5.1,0,0,0,2.9,25.8,0.0
us10004u9q,2015-02-22,0,0,CHINA:  XINJIANG PROVINCE:  SHAWAN,44.133,85.568,12,5.1,0,0,0,-2.4,7.5,0.0
us2000gj0i,2011-08-11,0,0,"CHINA:  XINJIANG PROVINCE:  SOUTHERN, KASHI",39.955,77.028,10,5.7,0,0,21,23.1,17.2,1.4
us2000j6mf,2011-12-01,0,0,"CHINA:  XINJIANG PROVINCE:  SOUTHERN, KASHI",38.31,76.888,32,5.3,0,0,0,5.5,9.3,0.0
us2000iws8,2014-02-12,0,0,CHINA:  XINJIANG PROVINCE:  YUTIAN,35.905,82.586,10,6.9,0,0,0,-16.1,15.8,0.0
usp000j3sd,2012-06-24,0,0,CHINA:  YUNNAN AND SICHUAN PROVINCES,27.767,100.781,10,5.5,0,4,394,17.2,5.5,12.8
usp000jq5k,2010-02-25,0,0,CHINA:  YUNNAN PROVINCE,25.523,101.903,36,4.8,0,0,11,23.1,16.8,0.0
usp000hzn5,2013-03-03,0,0,CHINA:  YUNNAN PROVINCE,25.98,99.812,8,5.4,0,0,30,24.2,13.9,0.0
us6000iaqi,2015-02-20,0,0,CHINA:  YUNNAN PROVINCE,23.01,101.755,10,4.5,0,0,0,26.9,11.4,0.0
usp000hbbu,2011-06-20,0,0,CHINA:  YUNNAN PROVINCE:  BAOSHAN,25.075,98.721,39,5.3,0,0,4,22.6,7.4,6.5
usp000h5jr,2013-08-31,0,0,CHINA:  YUNNAN PROVINCE:  BENZILAN,28.243,99.35,8,5.8,0,5,24,14.9,6.1,7.4
us10004atb,2011-02-01,0,0,CHINA:  YUNNAN PROVINCE:  PINGYUAN,24.693,97.943,31,4.8,0,0,1,23.9,11.7,0.0
us6000ef4u,2011-03-10,0,0,CHINA:  YUNNAN PROVINCE:  PINGYUAN,24.719,97.969,26,5.5,0,25,250,29.7,15.5,0.1
usp000jerf,2013-02-19,0,0,CHINA:  YUNNAN PROVINCE:  QIAOJIA,27.226,103.071,10,4.9,0,0,8,8.5,12.0,0.0
us7000f3xy,2014-04-04,0,0,CHINA:  YUNNAN PROVINCE:  XILUODU,28.174,103.619,25,5.4,0,0,21,15.0,7.0,2.8
usp000hs93,2014-05-30,0,0,CHINA:  YUNNAN PROVINCE:  YINGJIANG,25.0,97.845,10,5.9,0,0,45,26.7,7.6,3.5
us2000it8a,2014-12-06,0,0,CHINA:  YUNNAN PROVINCE:  YONGPING,23.358,100.533,10,5.6,0,1,15,28.2,10.4,0.0
us10006rpi,2014-08-16,0,0,CHINA:  YUNNAN PROVINCE:  YONGSHAN,28.125,103.546,10,5.0,2,0,6,23.2,6.4,13.2
us600041ry,2013-08-27,0,0,CHINA:  YUNNAN PROVINCE: SHANGRI-LA,28.239,99.328,10,5.2,0,0,0,23.9,6.7,1.2
us7000e524,2014-08-03,0,0,"CHINA:  YUNNAN:  LUDIAN:   LONGTOUSHAN, ZHAOTONG",27.189,103.409,12,6.2,0,615,3143,24.3,4.8,10.6
us10006rpv,2017-11-23,0,0,CHINA: CHONGQING: WULONG,29.349,108.058,10,5.1,4,0,8,10.8,5.9,0.0
us60007f7v,2021-05-21,0,0,CHINA: QINGHAI PROVINCE,34.598,98.251,10,7.3,9,20,300,9.6,16.8,8.7
usp000jyj1,2022-01-07,0,0,"CHINA: QINGHAI, GANSU",37.815,101.278,13,6.6,9,0,9,-4.7,9.9,0.2
us10004rwh,2022-06-01,0,0,CHINA: SICHUAN PROVINCE,30.416,102.989,10,5.9,7,4,14,20.2,6.0,6.8
us10005gf4,2021-09-15,0,0,CHINA: SICHUAN PROVINCE: LUXIAN (LU),29.182,105.391,10,5.4,7,3,88,31.0,11.1,17.0
us1000aqmb,2021-03-23,0,0,CHINA: XINGJIANG: AKSU,41.812,81.155,10,5.4,0,3,0,10.6,11.1,0.0
usp000hbbw,2012-03-08,0,0,CHINA: XINJIANG,39.383,81.307,38,5.9,0,0,36641,9.1,12.2,0.0
usp000hb2t,2017-05-10,0,0,"CHINA: XINJIANG: QUZGUN, TAXKORGAN TAJIK",37.643,75.31,8,5.4,0,8,23,8.6,3.7,0.0
usp000hbbt,2018-09-08,0,0,CHINA: YUNNAN PROVINCE:  MOJIANG HANI,23.332,101.578,8,5.7,0,0,28,25.0,5.1,0.2
usp000hbc2,2012-09-07,0,0,CHINA: YUNNAN PROVINCE:  ZHAOTONG:  YILIANG,27.575,103.983,10,5.6,0,81,821,30.2,9.8,0.2
usb000gfau,2011-08-09,0,0,CHINA: YUNNAN PROVINCE: BAOSHAN,24.932,98.73,40,5.0,0,0,3,24.4,4.7,7.4
us7000e53a,2016-05-17,0,0,CHINA: YUNNAN PROVINCE: SHIMEN,26.085,99.575,51,4.8,0,2,0,14.9,8.7,6.9
usp000j837,2021-05-21,0,0,"CHINA: YUNNAN PROVINCE: YANGBI, YONGPING",25.761,100.011,9,6.1,8,3,28,21.6,14.1,0.5
usp000hh42,2015-03-10,0,0,"COLOMBIA:  ANTIOQUIA, SANTANDER",6.8,-73.01,184,6.2,5,0,0,28.9,4.5,6.1
us70006qnn,2019-01-26,0,0,"COLOMBIA:  CAUCA, HUILA",3.035,-75.738,10,5.6,0,1,0,26.2,8.0,0.9
usc000lx2l,2013-02-09,0,0,"COLOMBIA:  CAUCA, NARINO, VALLE DEL CAUCA, RISARALDA",1.135,-77.393,145,7.0,0,0,15,14.4,7.0,23.6
usb000j275,2017-02-06,0,0,COLOMBIA:  HUILA,3.449,-74.672,38,5.5,0,0,0,22.2,8.9,0.0
usc000rg36,2018-06-12,0,0,COLOMBIA:  PASTO,1.067,-77.272,11,4.9,0,2,7,17.0,13.0,4.3
us70006x57,2014-01-05,0,0,COLOMBIA:  SIPI,4.557,-76.644,54,5.6,5,0,0,28.3,9.7,16.2
us7000deqh,2021-03-01,0,0,"COLOMBIA: MEDELLIN, BETULIA",6.239,-76.098,10,5.1,9,2,0,17.6,4.0,62.4
us6000bhhp,2015-07-29,0,0,COLOMBIA-PANAMA:  COLOMBIA:  UNGUIA,8.231,-77.315,12,5.9,3,0,6,25.5,6.2,13.0
usp000j6wm,2011-02-17,0,0,COLORADO:  PAONIA,38.947,-107.497,1,3.1,0,0,0,7.9,18.1,3.1
usp000hwgf,2011-08-23,0,0,COLORADO:  SEGUNDO,37.063,-104.701,4,5.4,7,0,0,30.0,11.3,0.3
us10006r9h,2018-05-15,0,0,COMOROS:  MAYOTTE,-12.776,45.581,17,5.9,0,0,3,0.0,0.0,0.0
us20004x2l,2021-06-10,0,0,CONGO: SOUTH KIVU,-3.086,28.259,10,5.0,5,2,0,30.8,9.2,0.0
us7000ebw8,2012-09-05,5464,0,COSTA RICA:  NICOYA,10.085,-85.315,35,7.6,0,2,20,29.4,6.7,7.0
us10007dxa,2016-12-01,0,0,"COSTA RICA:  PARAISO, TURRIALBA",9.949,-83.807,1,5.3,6,0,0,16.2,6.4,7.4
usp000js0m,2017-11-13,0,0,COSTA RICA: JACO,9.515,-84.487,19,6.5,8,2,0,29.0,8.7,5.4
usp000h9rp,2020-01-28,5740,0,CUBA: GRANMA;  CAYMAN IS;  JAMAICA,19.44,-78.755,10,7.7,0,0,0,0.0,0.0,0.0
us200082i5,2016-12-19,0,0,ECUADOR:  ESMERALDAS,0.93,-79.84,6,5.4,6,3,47,27.4,17.1,1.3
us20005kb6,2022-03-27,0,0,ECUADOR:  ESMERALDAS,0.909,-79.589,26,5.8,8,0,0,28.5,6.9,21.0
us7000gxqu,2016-05-18,0,0,ECUADOR:  MANABI PROVINCE,0.495,-79.616,30,6.9,4,1,162,29.8,7.0,5.4
us200082i5,2010-08-12,0,0,"ECUADOR:  MANTA, GUAYAQUIL, LOJA",-1.266,-77.306,207,7.1,0,0,0,28.6,6.2,0.0
us6000i2j3,2016-04-16,5599,0,"ECUADOR:  NEAR WEST COAST: MANABI, ESMERALDAS",0.35,-80.16,17,7.8,8,663,6274,28.3,16.3,0.7
us1000cdgu,2018-01-31,0,0,ECUADOR:  PASTAZA,-1.744,-77.672,21,5.2,4,1,0,22.8,7.4,4.1
us10004vl0,2011-10-29,0,0,ECUADOR:  POMASQUI,-0.13,-78.37,3,4.0,0,0,0,19.5,8.4,17.7
usb000s27f,2014-08-12,0,0,ECUADOR:  QUITO,-0.018,-78.322,12,5.1,5,2,8,18.7,6.9,2.2
us6000dimv,2019-02-22,0,0,"ECUADOR: AZUAY, MANABI, MORONA SANT.; PERU",-2.186,-77.051,145,7.5,0,1,9,30.8,8.7,5.8
usb000t2ev,2022-07-14,0,0,ECUADOR: GUAYAS,-2.04,-79.811,73,5.7,5,1,0,27.9,9.1,3.0
us20002515,2015-08-09,0,0,EL SALVADOR:  ALEGRIA,13.668,-88.478,10,4.5,4,0,4,37.4,11.8,0.9
usb000slwn,2014-10-14,5607,0,EL SALVADOR:  GULF OF FONSECA,12.526,-88.123,40,7.3,7,1,0,0.0,0.0,0.0
us1000dzgr,2018-05-06,0,0,"EL SALVADOR:  LA UNION, SAN MIGUEL",13.104,-88.062,10,5.4,0,0,1,32.8,18.4,0.0
us70003t2n,2019-05-30,0,0,EL SALVADOR:  SAN SALVADOR,13.199,-89.306,58,6.6,0,1,1,28.4,21.7,25.9
usp000jwxg,2017-04-10,0,0,"EL SALVADOR: SAN SALVADOR,SOYAPANGO",13.766,-89.155,10,4.8,0,1,3,33.7,6.2,3.8
usp000jx3q,2011-11-24,0,0,EL SALVADOR-GUATEMALA,13.297,-87.898,43,5.1,0,0,0,31.7,14.3,0.0
usp000hr4z,2010-12-16,0,0,"ETHIOPIA:  JIMA,  HOSA'INA, SHENK'OLA, WENJELA",7.521,37.839,10,5.1,0,0,0,25.5,13.3,0.0
usp000hcs0,2017-01-03,5639,0,FIJI ISLANDS,-19.373,176.052,12,6.9,6,0,0,0.0,0.0,0.0
usb000kc60,2018-08-19,5686,0,FIJI ISLANDS,-18.113,-178.153,600,8.2,0,0,0,0.0,0.0,0.0
us70007qt0,2018-09-06,0,0,FIJI ISLANDS,-18.474,179.35,670,7.9,0,0,0,0.0,0.0,0.0
usp000j4b6,2019-11-11,0,0,"FRANCE:  LE TEIL, SAINT-THOME, VIVIERS",44.612,4.638,10,4.8,7,0,4,10.3,16.4,0.1
usp000jewy,2014-05-17,0,0,GERMANY:  HESSE,49.799,8.69,5,3.6,4,0,0,18.1,12.1,0.0
us20009nb8,2014-05-24,5790,0,"GREECE, TURKEY",40.24,25.33,23,6.9,7,3,310,0.0,0.0,0.0
us70004nt3,2019-07-19,0,0,GREECE:  ATHENS,38.115,23.505,10,5.3,0,0,4,29.7,16.6,0.2
us6000diae,2013-08-07,0,0,"GREECE:  CENTRAL:   PHTHIOTIS, REGGINI",38.689,22.695,0,5.5,0,0,0,28.6,14.4,0.0
us7000df7z,2013-06-15,5793,0,GREECE:  CRETE,34.4,25.02,10,6.2,3,0,0,0.0,0.0,0.0
usc000syak,2020-05-02,5747,0,GREECE:  CRETE,34.205,25.712,17,6.6,7,0,0,0.0,0.0,0.0
us6000ddle,2021-09-27,0,0,GREECE:  CRETE,35.252,25.26,8,6.0,8,1,20,25.9,17.1,0.0
usp000h76q,2013-10-12,5794,0,GREECE:  CRETE:  CHANIA,35.514,23.252,40,6.6,7,0,1,0.0,0.0,0.0
usb000s57w,2018-10-25,5690,0,"GREECE:  IONIAN SEA:  ZAKYNTHOS, STROFADES",37.52,20.557,14,6.8,0,0,3,0.0,0.0,0.0
usp000j16w,2014-01-26,0,0,GREECE:  KEFALONIA,38.208,20.453,8,6.1,7,0,6,0.0,0.0,0.0
us7000bpvt,2014-02-03,0,0,GREECE:  KEFALONIA:  LIXOURION,38.244,20.379,4,6.0,3,0,16,0.0,0.0,0.0
usc000t478,2015-11-17,5594,0,"GREECE:  LEFKADA, KEFALONIA, ITHACA",38.67,20.6,11,6.5,0,2,4,18.9,8.4,0.0
us20002n56,2020-10-30,5757,0,GREECE:  SAMOS; TURKEY:  IZMIR,37.918,26.79,21,7.0,8,118,1054,22.1,15.5,2.1
us6000d7vr,2021-10-12,5817,0,GREECE: CRETE,35.193,26.256,10,6.4,8,0,0,0.0,0.0,0.0
us7000c7y0,2017-06-12,5652,0,GREECE: LESBOS,38.93,26.365,12,6.3,0,1,15,27.0,27.3,0.0
us20002zt0,2021-03-03,0,0,"GREECE: TYRNAVOS, LARISA",39.764,22.176,10,6.3,9,0,11,15.8,7.9,0.0
us20006f61,2010-08-13,5343,0,"GUAM, NORTHERN MARIANA ISLANDS",12.484,141.476,10,6.9,0,0,0,0.0,0.0,0.0
us1000eigv,2013-09-07,0,0,"GUATEMALA:  COATEPEQUE, QUETZALTENANGO",14.606,-92.121,66,6.4,7,1,11,32.7,9.1,2.3
us6000b9cc,2011-09-19,0,0,GUATEMALA:  CUILAPA SANTA ROSA,14.186,-90.238,9,5.6,0,1,0,24.3,6.6,8.8
us70006q68,2012-11-07,5468,0,"GUATEMALA:  SAN MARCOS, SAN CRISTOBAL COCHU",13.988,-91.895,24,7.3,0,48,155,31.6,9.0,1.0
us1000hbcu,2022-02-16,0,0,"GUATEMALA: BAJA VERAPAZ, GUATEMALA, QUEZALTENANGO",14.193,-91.297,83,6.2,8,3,2,33.9,13.8,0.0
us1000322j,2017-06-22,0,0,"GUATEMALA: ESCUINTLA, SUCHITEPEQUEZ, GUATEMALA",13.717,-90.972,38,6.8,6,0,4,27.8,21.1,17.7
us20005ih9,2017-06-14,0,0,"GUATEMALA: QUETZALTENANGO, SUCHITEPEQUEZ; MEXICO",14.909,-92.009,93,6.9,8,5,30,28.7,7.3,2.3
usp000h61b,2021-08-14,5803,0,HAITI,18.408,-73.475,10,7.2,9,2248,12763,30.7,6.6,1.2
usp000h60h,2010-01-12,4622,0,HAITI:  PORT-AU-PRINCE,18.457,-72.533,13,7.0,0,316000,300000,26.2,14.8,0.6
us7000gek3,2022-01-24,0,0,HAITI: NIPPES,18.458,-73.337,10,5.3,7,2,52,28.8,7.3,0.3
us1000h8hi,2018-10-07,0,0,HAITI: PORT-DEX-PAIX,20.034,-73.013,24,5.9,0,18,580,29.2,7.6,11.3
hv70116556,2018-05-04,5678,6864,HAWAIIAN ISLANDS: PUNA DISTRICT,19.313,-154.998,2,6.9,0,0,1,28.4,13.7,2.0
us1000c2zy,2018-01-10,5672,0,HONDURAS,17.483,-83.52,19,7.5,8,0,0,0.0,0.0,0.0
usb000g4a2,2013-04-10,0,0,HONDURAS: ATLANTIDA,15.52,-87.159,4,5.4,0,0,0,34.0,7.1,0.0
us1000hxdh,2017-01-03,0,0,INDIA:  AMBASA;  BANGLADESH,24.015,92.018,32,5.7,0,3,0,28.5,7.7,0.0
usp000jb6k,2010-06-18,0,0,INDIA:  ANDAMAN ISLANDS:  DIGLIPUR,13.197,93.087,20,5.9,0,0,0,0.0,0.0,0.0
usb000khnw,2011-11-21,0,0,INDIA:  ASSAM,24.955,95.236,114,5.8,0,0,0,28.7,4.3,0.0
usp000jfth,2021-04-28,0,0,INDIA:  ASSAM,26.782,92.436,34,6.0,9,2,12,35.5,7.1,1.4
usb000k57j,2012-05-11,0,0,"INDIA:  ASSAM:  KAMRUP, GUWAHATI",26.175,92.889,43,5.4,0,0,2,31.2,8.4,1.1
us2000c1ea,2010-05-01,0,0,INDIA:  CHAMOLI,30.099,80.026,36,4.5,0,0,0,13.2,8.2,3.4
usp000j8hs,2011-09-07,0,0,INDIA:  DELHI,28.724,77.189,10,4.3,0,0,1,31.8,9.2,10.4
usp000hk1h,2012-10-18,0,0,"INDIA:  DEURALA, JAISINGHNAGAR, KOTMA, SARAI, UMARIA",23.739,81.314,10,5.0,0,0,0,33.0,9.3,0.0
us70009q28,2011-10-20,0,0,INDIA:  GUJARAT,21.211,70.533,10,5.0,0,0,34,32.7,10.7,0.0
us20002aml,2016-01-03,0,0,INDIA:  IMPAHL,24.804,93.651,55,6.7,7,13,100,24.8,6.5,0.0
us10005g2n,2013-05-01,0,0,"INDIA:  KASHMIR:  DODA, KISHTWAR, RAMBAN",33.061,75.863,15,5.7,0,3,90,15.0,8.5,2.7
us1000h4z5,2013-08-02,0,0,INDIA:  KASHMIR:  KISHTWAR,33.297,75.95,42,5.2,3,0,2,14.5,6.0,16.6
usp000jte2,2015-06-28,0,0,INDIA:  KOKRAJHAR,26.638,90.41,26,5.3,0,0,2,30.9,12.0,12.1
usp000j9m2,2010-06-12,4902,0,INDIA:  LITTLE NICOBAR ISLAND,7.881,91.936,35,7.5,6,0,0,0.0,0.0,0.0
us6000h5el,2019-02-01,0,0,INDIA:  MAHARASHTRA:  PALGHAR,19.9,72.8,5,3.6,0,1,0,27.1,21.0,0.0
us2000bqsn,2019-07-24,0,0,INDIA:  MAHARASHTRA:  PALGHAR,20.0,72.9,10,3.8,0,1,0,30.9,15.5,19.4
usb000gjhz,2011-09-18,0,0,INDIA:  SIKKIM,27.73,88.155,50,6.9,0,111,177,-11.2,4.7,19.8
us6000d7f5,2011-10-29,0,0,INDIA:  SIKKIM,27.449,88.684,10,3.5,0,2,0,17.1,5.8,1.4
usp000jqwz,2010-06-22,0,0,INDIA:  TAULI,29.872,80.428,16,5.2,0,0,0,20.4,7.0,4.6
us2000bqtu,2018-09-12,0,0,INDIA:  WEST BENGAL,26.371,90.161,10,5.3,0,1,0,30.0,20.0,31.0
usp000js3m,2010-03-30,0,0,INDIA: ANDAMAN ISLANDS:  DIGLIPUR,13.667,92.831,34,6.7,0,0,10,0.0,0.0,0.0
usp000heu1,2016-04-13,0,0,INDIA: ASSAM; BANGLADESH,23.094,94.865,136,6.9,5,2,170,38.7,16.9,0.0
usp000jq38,2011-04-24,0,0,INDONESIA:   SULAWESI:  KENDARI,-4.586,122.771,8,6.1,0,0,14,30.5,9.8,8.2
usp000juw5,2017-03-21,0,0,INDONESIA:  BALI,-8.492,115.323,112,5.6,0,0,4,28.8,16.0,11.5
us100098p4,2021-10-15,0,0,"INDONESIA:  BALI: KARANGASEM, BANGLI",-8.356,115.458,10,5.1,8,3,82,29.8,12.5,0.1
us200080h2,2013-07-02,0,0,INDONESIA:  BANDA ACEH,4.645,96.665,13,6.1,0,48,2532,27.2,6.5,8.2
usp000jn05,2013-10-22,0,0,INDONESIA:  BANDA ACEH,5.103,95.971,10,5.5,5,1,2,26.7,5.5,12.1
us2000jnw3,2015-11-04,0,0,INDONESIA:  EAST NUSA TENGGARA:  ALOR,-8.338,124.875,20,6.5,5,0,3,29.9,9.3,0.0
usp000j61k,2021-12-14,5822,0,INDONESIA:  FLORES REGION,-7.603,122.2,18,7.3,9,0,1,0.0,0.0,0.0
us7000gbww,2012-06-04,0,0,INDONESIA:  JAVA,-7.692,106.371,50,5.8,0,0,2,0.0,0.0,0.0
us2000ga2z,2013-07-08,0,0,INDONESIA:  JAVA,-8.803,113.002,60,5.7,0,0,1,0.0,0.0,0.0
usp000j144,2017-12-15,0,0,INDONESIA:  JAVA,-7.492,108.174,90,6.5,7,4,36,29.7,11.9,12.2
usp000j3hm,2018-04-18,0,0,INDONESIA:  JAVA:  BANJARNEGARA,-7.248,109.654,10,4.5,2,3,21,32.4,4.7,4.0
us2000c551,2018-01-23,0,0,INDONESIA:  JAVA:  BANTEN,-7.092,105.963,48,5.9,6,1,11,28.5,27.3,9.5
us1000e1mn,2019-08-02,0,0,INDONESIA:  JAVA:  BANTEN,-7.267,104.825,53,6.9,0,6,3,0.0,0.0,0.0
usp000jyaw,2014-01-25,0,0,INDONESIA:  JAVA:  BANYUMAS,-7.986,109.265,66,6.1,5,0,0,29.6,13.1,89.7
usp000hjpa,2010-01-10,0,0,INDONESIA:  JAVA:  GARUT,-7.907,107.879,65,5.1,0,1,2,28.7,12.1,18.8
us7000cm9n,2020-05-29,5748,7504,INDONESIA:  JAVA:  IJEN,-8.058,114.242,0,0.0,0,1,0,26.9,8.2,0.9
us1000h4vq,2020-03-10,0,0,"INDONESIA:  JAVA:  SUKABUMI, BOGOR",-6.808,106.676,23,5.0,8,0,4,33.1,10.9,7.6
us700038kq,2013-06-22,0,0,INDONESIA:  LOMBOK ISLAND,-8.305,116.058,47,5.1,0,0,50,31.5,4.3,16.8
us2000h69g,2018-07-28,5778,0,INDONESIA:  LOMBOK ISLAND,-8.24,116.508,14,6.4,0,17,355,31.9,12.7,0.0
usp000j4e6,2018-08-05,5685,0,INDONESIA:  LOMBOK ISLAND,-8.258,116.438,34,6.9,0,560,7733,29.2,15.5,0.3
us700034y7,2018-08-09,0,0,INDONESIA:  LOMBOK ISLAND,-8.307,116.23,15,5.9,0,6,24,33.3,7.9,0.0
us10006d92,2018-08-19,5816,0,INDONESIA:  LOMBOK ISLAND,-8.337,116.599,16,6.3,0,2,1,33.9,5.2,0.0
us6000ez2l,2018-08-19,0,0,INDONESIA:  LOMBOK ISLAND,-8.319,116.627,21,6.9,0,11,0,31.9,8.7,0.0
usp000jf7j,2019-03-17,0,0,INDONESIA:  LOMBOK ISLAND,-8.418,116.521,10,5.6,0,6,182,29.9,7.6,21.8
usc000f6jp,2018-06-13,0,0,"INDONESIA:  MADURA ISLAND, JAVA",-7.001,113.888,10,4.6,0,0,6,0.0,0.0,0.0
us6000a7ar,2018-10-10,0,0,"INDONESIA:  MADURA ISLAND, JAVA",-7.453,114.455,9,6.0,5,4,36,33.3,14.1,0.0
us10006ddp,2017-10-31,0,0,INDONESIA:  MALUKU:  AMBON,-3.745,127.752,6,6.1,5,1,0,0.0,0.0,0.0
usp000j294,2019-09-25,0,0,INDONESIA:  MALUKU:  AMBON,-3.45,128.347,18,6.5,0,31,179,28.4,16.9,2.2
usp000jftd,2019-11-12,0,0,INDONESIA:  MALUKU:  AMBON,-3.61,128.299,50,5.0,0,2,3,31.1,12.1,1.1
us1000bms0,2016-06-07,0,0,INDONESIA:  MALUKU:  TERNATE ISLAND,1.279,126.371,31,6.3,4,0,0,0.0,0.0,0.0
us1000ds56,2019-07-14,0,0,INDONESIA:  MOLUCCA ISLANDS:  N,-0.529,128.093,10,7.3,0,8,134,0.0,0.0,0.0
usp000he78,2019-11-14,5733,0,INDONESIA:  MOLUCCA ISLANDS:  N,1.6,126.416,33,7.1,0,1,3,0.0,0.0,0.0
us6000h37b,2012-04-11,5449,0,INDONESIA:  N SUMATRA:  OFF WEST COAST,2.327,93.063,20,8.6,0,10,12,0.0,0.0,0.0
us200029ci,2012-04-11,5450,0,INDONESIA:  N SUMATRA:  OFF WEST COAST,0.802,92.463,25,8.2,0,0,0,0.0,0.0,0.0
us20004gyq,2014-11-15,5578,0,INDONESIA:  N. MOLUCCAS ISLANDS,1.893,126.522,45,7.1,5,0,0,0.0,0.0,0.0
us20004gyp,2010-05-09,0,0,INDONESIA:  N. SUMATRA: SIMEULUE ISLAND,3.748,96.018,38,7.2,0,0,0,0.0,0.0,0.0
us7000fsv8,2015-07-27,0,0,INDONESIA:  PAPUA,-2.629,138.528,48,7.0,5,1,0,31.0,6.5,2.4
us2000bkp8,2019-10-10,0,0,INDONESIA:  PASSO,-3.65,128.216,54,5.0,7,1,2,28.5,10.4,0.3
us2000jepg,2015-09-24,0,0,INDONESIA:  SORONG,-0.59,131.27,10,6.6,5,0,62,29.8,23.1,0.0
usp000jh0q,2018-09-28,0,0,INDONESIA:  SULAWESI,-0.401,119.771,4,6.1,0,1,10,31.8,11.4,0.9
usp000jupt,2018-09-28,5689,0,INDONESIA:  SULAWESI,-0.256,119.846,20,7.5,8,4340,10679,31.8,11.4,0.9
usp000jmyh,2019-04-12,0,0,INDONESIA:  SULAWESI ISLAND: LUWUK,-1.852,122.553,18,6.8,0,1,0,29.9,8.2,6.8
usp000htg4,2018-11-14,0,0,INDONESIA:  SULAWESI:  MAMASA,-2.907,119.392,14,5.5,0,7,0,33.7,10.4,8.6
us70004im9,2021-01-14,0,0,"INDONESIA:  SULAWESI:  MAMUJU, MAJENE",-2.976,118.901,18,6.2,9,105,6489,30.2,14.7,48.9
us100029k5,2017-05-29,0,0,INDONESIA:  SULAWESI:  POSO,-1.292,120.431,12,6.6,7,0,25,30.2,5.6,20.7
usp000hutg,2012-08-18,0,0,"INDONESIA:  SULAWESI:  SIGI, PARIGI MOUNTONG",-1.315,120.096,10,6.3,0,6,43,29.6,7.4,23.0
us7000f3zp,2013-01-21,0,0,INDONESIA:  SUMATERA:  N,4.927,95.907,12,6.1,0,1,15,26.0,6.4,11.7
usp000jgfu,2010-04-06,4763,0,INDONESIA:  SUMATRA,2.383,97.048,31,7.8,0,0,0,0.0,0.0,0.0
usp000htg5,2010-10-25,5342,0,INDONESIA:  SUMATRA,-3.487,100.082,20,7.8,0,431,0,0.0,0.0,0.0
us6000djzq,2011-09-05,0,0,INDONESIA:  SUMATRA,2.965,97.893,91,6.7,0,10,0,31.1,5.9,0.9
us20004ft7,2022-09-30,0,0,INDONESIA:  SUMATRA,2.109,98.928,21,5.9,7,1,0,22.9,6.9,13.3
us60008e67,2016-12-06,0,0,INDONESIA:  SUMATRA:  ACEH:  PIDIE JAYA,5.283,96.168,13,6.5,8,104,857,30.2,5.1,4.1
usc000lp1b,2016-06-01,0,0,INDONESIA:  SUMATRA:  PESISIR SELATAN,-2.097,100.665,50,6.6,5,1,30,33.1,7.6,6.1
us2000bsmy,2016-07-31,0,0,INDONESIA:  SUMBAWA ISLAND:  WEST NUSA TENGGARA,-8.194,117.814,21,5.6,6,0,4,31.2,15.0,0.0
us10004f44,2012-07-25,0,0,INDONESIA: BANDA ACEH,2.707,96.045,22,6.5,0,1,0,0.0,0.0,0.0
usb000j5fr,2021-08-26,0,0,INDONESIA: CENTRAL SULAWESI: TOJO UNA-UNA,-0.854,121.523,8,5.5,5,1,0,26.0,7.6,49.0
usp000jp2p,2021-04-10,0,0,"INDONESIA: JAVA: LUMAJANG, MALANG",-8.562,112.519,82,6.0,5,10,39,32.2,6.8,4.9
us1000h3sd,2021-06-16,5788,0,INDONESIA: MALUKU,-3.593,129.503,10,5.8,6,0,0,29.8,7.7,8.8
us2000as7r,2016-01-16,0,0,"INDONESIA: MALUKU:  BURU, AMBALAU ISLAND",-3.873,127.229,4,5.6,3,1,22,29.7,8.8,6.1
us60007arp,2010-06-16,0,0,INDONESIA: NEW GUINEA:  IRIAN JAYA: JAPEN,-2.174,136.543,18,7.0,6,17,0,29.7,6.1,6.6
us20005ddt,2017-11-18,0,0,INDONESIA: NORTH MALUKU: MOROTAI,2.465,128.148,8,5.8,0,1,0,29.9,11.2,2.9
us20002nts,2020-06-04,0,0,INDONESIA: NORTH MALUKU: MOROTAI,2.923,128.248,107,6.4,4,0,0,0.0,0.0,0.0
us20004gba,2022-01-14,0,0,"INDONESIA: PANDEGLANG, BANTEN",-6.929,105.251,37,6.6,8,0,0,27.8,19.4,3.6
us7000h0yv,2016-03-02,5598,0,INDONESIA: SUMATRA:,-4.952,94.33,24,7.8,5,0,0,0.0,0.0,0.0
us6000f2r4,2018-07-21,0,0,INDONESIA: SUMATRA: SOLOK,-0.969,100.769,10,5.2,0,1,2,32.3,5.1,0.7
usp000hzd7,2019-02-27,0,0,INDONESIA: SUMATRA: SOLOK,-1.323,101.578,10,5.4,0,0,48,30.6,5.4,8.6
us20008s7z,2022-02-25,0,0,"INDONESIA: W SUMATRA: PASAMAN, WEST PASAMAN",0.233,100.106,12,6.2,9,11,388,29.8,5.4,12.9
usb000l7nt,2012-08-11,0,0,"IRAN:  AHAR, HARIS, VARZAGAN",38.329,46.826,11,6.5,0,306,3000,27.6,20.4,0.0
usp000hh5v,2017-12-20,0,0,IRAN:  ALBORZ,35.649,50.962,10,4.9,6,2,117,17.4,11.8,0.0
us1000dzhm,2017-05-11,0,0,IRAN:  ARDABIL,39.816,48.57,63,5.1,0,0,20,29.4,25.4,0.0
us1000dvqr,2014-01-02,0,0,IRAN:  BASTAK,27.15,54.448,8,5.3,0,1,30,17.9,7.9,0.0
usb000g3p7,2013-11-28,0,0,IRAN:  BORAZJAN,29.275,51.313,4,5.7,4,8,200,25.5,6.4,0.0
us1000dngn,2013-04-09,0,0,"IRAN:  BUSHEHR PROVINCE:  SHANBE, KAKI, SENA",28.428,51.593,12,6.3,0,37,850,28.2,8.4,0.0
usc000tvdv,2010-08-27,0,0,IRAN:  DAMGHAN-TORUD,35.49,54.47,7,5.7,0,3,200,33.6,21.1,0.0
us6000hn84,2010-11-06,0,0,IRAN:  DORUD-RAZAN,33.37,48.94,5,4.9,0,0,104,19.2,7.0,0.0
usc000gtwf,2011-01-05,0,0,IRAN:  FARS PROVINCE,30.16,51.62,24,4.5,0,0,16,15.2,8.9,0.0
usc000gl4h,2010-07-20,0,0,IRAN:  FARSINAJ,27.022,53.861,10,5.8,0,1,32,39.3,9.4,0.0
usc000gtwm,2014-02-02,0,0,IRAN:  GOHARAN,26.589,57.741,10,5.3,0,0,0,15.0,21.5,0.0
usp000jkdz,2021-01-15,0,0,IRAN:  HORMOZGAN PROVINCE,26.926,55.186,8,5.5,5,0,1,23.3,12.4,0.0
us2000ddrw,2021-11-14,0,0,IRAN:  HORMOZGAN PROVINCE,27.736,56.077,10,6.3,9,2,0,28.4,5.1,0.0
usp000hr7k,2022-07-01,0,0,IRAN:  HORMOZGAN PROVINCE,26.935,55.254,16,6.0,0,5,110,37.1,15.5,0.0
usb000g8rt,2013-05-11,0,0,IRAN:  HORMOZGAN: BASHAGARD,26.56,57.77,15,6.1,0,2,20,29.9,14.8,0.0
usp000hvd6,2014-08-18,0,0,IRAN:  ILAM PROVINCE:  ABDANAN,32.663,47.673,6,6.2,3,0,330,42.2,17.7,2.8
us70008h58,2010-12-20,0,0,IRAN:  KERMAN,28.412,59.18,12,6.5,0,7,25,23.6,11.5,0.0
usp000htpz,2017-12-01,0,0,IRAN:  KERMAN,30.746,57.307,9,6.1,5,0,51,15.4,10.2,0.0
usp000jxa7,2018-09-07,0,0,IRAN:  KERMAN,28.326,59.32,10,5.6,0,1,2,40.2,11.5,0.0
usp000htrf,2018-01-06,0,0,IRAN:  KERMANSHAH,34.585,45.77,10,5.0,7,0,51,13.4,10.2,0.8
us2000ha5b,2018-04-01,0,0,IRAN:  KERMANSHAH,34.403,45.748,10,5.0,0,0,54,23.8,10.2,0.0
us7000bj2i,2018-07-22,0,0,IRAN:  KERMANSHAH,34.591,46.166,12,5.8,0,0,287,29.0,12.7,0.0
us1000hwe7,2018-08-25,0,0,IRAN:  KERMANSHAH,34.611,46.242,10,6.0,0,2,267,38.5,13.1,0.0
usp000jj6q,2019-01-06,0,0,IRAN:  KERMANSHAH: SARPOL-E ZAHAB,34.125,45.679,14,5.6,0,0,75,16.3,20.2,4.1
us10007ez0,2017-01-06,0,0,IRAN:  KHONJ,28.2,53.107,10,5.0,0,4,4,24.2,8.5,0.0
us1000hwdw,2012-12-05,0,0,IRAN:  KHORASAN PROVINCE,33.506,59.571,14,5.7,0,8,12,14.0,21.5,0.0
us1000d6k4,2012-01-19,0,0,IRAN:  KHORASAN-E-RAZAVI,36.288,58.835,8,5.3,0,0,238,4.2,6.0,0.0
usp000h76j,2022-10-05,0,0,IRAN:  KHOY; WEST AZERBAIJAN,38.511,45.038,15,5.6,7,0,1127,31.9,9.2,0.0
usp000jfgu,2010-01-16,0,0,IRAN:  KHUZESTAN:  ARRJAN,32.45,48.3,5,5.0,0,0,0,24.1,7.2,0.0
usp000hsqs,2018-05-02,0,0,IRAN:  KOHGILUYEH AND BOYER-AHMAD: SISAKHT,30.705,51.49,8,5.3,0,0,133,19.9,10.7,0.5
usp000hm8k,2019-07-08,0,0,IRAN:  MASJED-E SOLEYMAN,31.775,49.542,10,5.7,0,1,128,43.9,13.2,0.0
us100041c9,2012-05-03,0,0,"IRAN:  MOURMOURI, ABDANAN, DEHLORAN",32.747,47.726,10,5.4,0,0,8,34.8,21.2,0.3
us7000hhhc,2012-02-27,0,0,IRAN:  RAVAR,31.428,56.778,10,5.2,0,0,6,14.4,10.7,0.0
usb000s4e8,2017-04-05,0,0,IRAN:  SEFID SANG,35.776,60.436,13,6.1,0,2,11,8.0,23.2,0.0
us6000e2k3,2010-09-27,0,0,IRAN:  SHIRAZ,29.647,51.665,27,5.8,0,1,3,35.6,14.8,0.1
usp000h7m1,2020-05-07,0,0,"IRAN:  TEHRAN, DAMAVAND",35.725,52.044,10,4.6,0,2,22,11.9,18.8,0.0
usp000jqa5,2010-07-30,0,0,IRAN:  TORBET-I-HEYDARIYEH,35.217,59.308,24,5.4,0,0,274,29.0,30.6,0.0
usp000hskn,2017-12-26,0,0,"IRAN: ALBORZ, TEHRAN",35.716,51.256,10,4.0,4,1,57,15.4,24.4,0.0
usp000hcrt,2021-02-17,0,0,"IRAN: ESFAHAN, KOHGILUYEH, BOYER-AHMAD",30.839,51.365,7,5.4,8,2,63,16.8,9.9,0.4
us600050lk,2018-01-11,0,0,IRAN: KERMANSHAH,33.713,45.724,10,5.5,5,0,13,19.7,15.1,0.0
us2000ci3z,2017-11-12,0,0,IRAN: KERMANSHAH; IRAQ: KURDISTAN,34.911,45.959,19,7.3,8,630,12900,19.9,5.4,0.0
usp000jdc1,2018-11-25,0,0,IRAN: KERMANSHAH; IRAQ: KURDISTAN,34.361,45.744,18,6.3,0,1,759,13.7,14.9,15.1
usp000jq5p,2017-05-13,0,0,IRAN: KHORASAN,37.769,57.206,8,5.6,0,3,417,24.7,10.8,0.2
usp000jq6r,2019-11-07,0,0,IRAN: MIYANEH,37.808,47.558,10,5.9,0,5,584,16.1,6.3,0.0
us2000h691,2013-04-16,0,0,IRAN; PAKISTAN:  MASHKAL,28.033,61.996,80,7.7,0,40,300,29.8,17.0,0.0
usp000jm2n,2016-08-24,0,0,"ITALY:  ACCUMOLI, ARQUATA, AMATRICE",42.704,13.238,4,6.2,9,299,368,22.9,16.1,0.0
usp000jm2z,2012-05-29,0,0,"ITALY:  EMILIA ROMAGNA:  MEDOLLA, MIRANDOLA, CAVEZZO",44.851,11.086,10,5.9,0,17,350,28.7,9.9,0.0
us1000725y,2012-05-20,0,0,ITALY:  EMILIA ROMAGNA:  MIRANDOLA,44.89,11.23,6,6.1,0,7,50,20.5,15.6,14.2
usp000juew,2017-01-18,0,0,ITALY:  FARINDOLA,42.529,13.282,9,5.7,0,34,11,0.9,11.6,43.7
us1000gaq7,2017-08-21,0,0,ITALY:  ISCHIA ISLAND,40.783,13.939,3,4.2,0,2,42,29.1,24.0,0.0
us20007guy,2018-04-10,0,0,ITALY:  MUCCIA,43.066,13.052,10,4.7,0,0,0,15.4,20.2,0.0
usp000jm31,2012-05-20,0,0,ITALY:  SANT'AGOSTINO,44.831,11.49,5,5.1,0,0,0,21.1,15.2,12.7
usb000iiu5,2018-12-26,0,7284,ITALY:  SICILY:  CATANIA,37.63,15.1,1,5.0,0,0,28,9.4,20.5,0.0
usp000jm9v,2016-10-26,0,0,"ITALY:  VISSO, USSITA",42.956,13.067,10,6.1,7,1,0,17.1,6.9,14.7
us10007txl,2016-10-30,0,0,ITALY: NORCIA,42.84,13.11,9,6.6,7,2,20,16.8,10.1,0.0
usp000hztx,2013-04-12,0,0,JAPAN,34.369,134.828,14,5.8,0,0,24,13.6,21.2,0.0
usp000jm6u,2010-12-21,5402,0,JAPAN:  BONIN ISLANDS,26.901,143.698,14,7.4,0,0,0,0.0,0.0,0.0
usp000j6at,2015-05-30,0,0,JAPAN:  BONIN ISLANDS [CHICHIJIMA ISLAND],27.839,140.493,664,7.8,6,0,12,0.0,0.0,0.0
usb000krwq,2012-03-14,5446,0,JAPAN:  HOKKAIDO,40.887,144.944,12,6.9,0,0,0,0.0,0.0,0.0
usp000hvug,2018-09-05,0,0,JAPAN:  HOKKAIDO,42.686,141.929,35,6.6,7,44,660,23.4,28.8,7.2
usp000hyb5,2011-03-11,5413,0,JAPAN:  HONSHU,38.297,142.372,30,9.1,0,18428,6167,0.0,0.0,0.0
usc000rcp4,2011-04-11,0,0,JAPAN:  HONSHU,37.001,140.401,11,6.6,0,7,0,14.0,22.3,11.3
us20005inz,2015-02-16,5580,0,JAPAN:  HONSHU,39.856,142.881,23,6.7,4,0,0,0.0,0.0,0.0
us10007ace,2021-03-20,0,0,JAPAN:  HONSHU ISLAND,38.452,141.648,43,7.0,7,0,11,9.9,21.1,6.3
us60007lgs,2011-03-09,5412,0,JAPAN:  HONSHU:  E COAST,38.435,142.842,32,7.5,0,0,0,0.0,0.0,0.0
us7000hskb,2011-07-10,5431,0,JAPAN:  HONSHU:  E COAST,38.034,143.264,23,7.0,0,0,0,0.0,0.0,0.0
us20008ks7,2013-10-25,5533,0,JAPAN:  HONSHU:  E COAST,37.2,144.6,10,7.1,4,0,1,0.0,0.0,0.0
usp000j2gb,2012-12-07,5469,0,JAPAN:  HONSHU:  MIYAGI PREFECTURE,37.89,143.949,31,7.2,0,0,11,0.0,0.0,0.0
us6000g8lb,2015-05-02,5584,7537,JAPAN:  HONSHU:  S. OF,31.529,140.213,10,5.7,0,0,0,0.0,0.0,0.0
us10006mek,2018-05-06,5796,7541,JAPAN:  HONSHU:  S. OF,31.444,140.193,10,5.4,0,0,0,0.0,0.0,0.0
usp000jtc6,2016-04-15,0,0,"JAPAN:  KUMAMOTO, OITA",32.791,130.754,10,7.0,8,50,1500,23.8,12.6,0.0
us1000bsus,2016-10-21,0,0,JAPAN:  KURAYOSHI,35.374,133.809,6,6.2,6,0,7,19.6,6.9,0.0
us7000csqe,2015-11-13,5593,0,JAPAN:  KYUSYU ISLAND,31.001,128.873,12,6.7,4,0,0,0.0,0.0,0.0
usp000hdw3,2014-11-22,0,0,"JAPAN:  NAGANO:  HAKUBA, OTARI",36.641,137.888,9,6.2,9,0,45,13.4,7.7,0.4
usp000jdcv,2011-03-11,0,0,JAPAN:  NEAR E COAST HONSHU,36.281,141.111,43,7.9,0,0,0,0.0,0.0,0.0
usp000hy8u,2019-06-18,5712,0,JAPAN:  NIIGATA PREFECTURE,38.646,139.472,12,6.4,0,0,28,21.5,10.2,0.8
us6000b9t8,2011-03-11,0,0,JAPAN:  OFF EAST COAST HONSHU,38.058,144.59,19,7.6,0,0,0,0.0,0.0,0.0
usp000hvhw,2016-08-20,5741,0,JAPAN:  OFF EAST COAST HONSHU,40.394,143.68,10,6.0,2,0,0,0.0,0.0,0.0
usp000jx46,2021-02-13,5823,0,JAPAN:  OFF FUKUSHIMA,37.745,141.749,49,7.1,9,1,186,0.0,0.0,0.0
us6000g96i,2022-03-16,5832,0,JAPAN:  OFF FUKUSHIMA,37.702,141.587,63,7.3,9,4,107,6.9,19.4,0.0
usp000ja40,2018-06-17,0,0,JAPAN:  OSAKA,34.825,135.639,10,5.5,0,5,417,27.7,19.5,0.4
usp000hw7h,2014-07-11,5574,0,JAPAN:  SANRIKU,37.005,142.453,20,6.5,5,0,3,0.0,0.0,0.0
usp000jntb,2018-04-08,0,0,JAPAN:  SHIMANE PREFECTURE,35.259,132.553,10,5.7,0,0,8,10.9,26.3,3.0
usp000hvwj,2014-03-13,0,0,JAPAN:  SOUTHWESTERN,33.684,131.825,79,6.3,5,0,18,16.5,26.6,8.4
usp000hvqv,2010-02-26,4782,0,"JAPAN:  TORI SHIMA, OKINAWA",25.93,128.425,25,7.0,0,0,2,0.0,0.0,0.0
usp000hvjd,2013-04-17,0,0,JAPAN: MIYAKEJIMA,33.958,139.352,9,5.8,0,0,3,0.0,0.0,0.0
usp000hw0m,2011-04-07,5429,0,JAPAN: NEAR E COAST HONSHU,38.276,141.588,42,7.1,0,3,132,15.1,14.9,0.0
usp000hvud,2016-11-21,5618,0,JAPAN: NEAR E COAST HONSHU,37.393,141.387,9,6.9,7,0,15,0.0,0.0,0.0
usp000h6m0,2011-10-21,5439,0,KERMADEC ISLANDS,-28.993,-176.238,33,7.4,0,0,0,0.0,0.0,0.0
usp000h79s,2019-06-15,5711,0,"KERMADEC ISLANDS:  S OF, RAOUL",-30.805,-178.095,34,7.2,0,0,0,0.0,0.0,0.0
usp000h9d4,2020-06-18,5750,0,"KERMADEC ISLANDS:  S OF, RAOUL",-33.294,-177.838,10,7.4,0,0,0,0.0,0.0,0.0
usp000h9vx,2021-03-04,5770,0,"KERMADEC ISLANDS:  S OF, RAOUL",-29.613,-177.843,55,7.4,7,0,0,0.0,0.0,0.0
usp000hdn1,2014-06-23,5572,0,KERMADEC ISLANDS: SSE OF RAOUL ISLAND,-29.977,-177.725,20,6.9,0,0,0,0.0,0.0,0.0
usp000he6x,2021-03-04,5771,0,KERMADEC ISLANDS: SSE OF RAOUL ISLAND,-29.74,-177.267,19,8.1,9,0,0,0.0,0.0,0.0
us20004g6m,2017-05-03,0,0,"KYRGYZSTAN:  OSH, BATKEN",39.494,71.444,11,6.0,0,0,0,8.3,5.1,0.0
us20006fsr,2015-11-17,0,0,KYRGYZSTAN: OSH,40.376,73.204,18,5.6,5,0,0,0.9,9.9,0.0
us10007snb,2017-01-11,0,0,MADAGASCAR: ANTSIRABE,-20.16,46.647,7,5.5,0,2,0,27.8,9.8,0.0
us20002m5s,2015-06-04,0,0,"MALAYSIA:  SABAH:  LAHAD,DATU,KANAK",5.987,116.541,10,6.0,6,18,0,27.2,4.7,8.3
us7000gcj6,2010-04-04,0,0,MEXICO:  BAJA CALIFORNIA,32.297,-115.278,4,7.2,0,2,233,30.5,14.3,0.0
usb000sl3m,2019-02-01,0,0,MEXICO:  CHIAPAS; GUATEMALA:  SAN MARCOS,14.68,-92.453,66,6.7,0,0,4,32.8,10.2,0.0
us2000ar20,2015-12-17,0,0,MEXICO:  COCOTITLAN,15.802,-93.633,85,6.6,5,2,0,32.3,15.0,0.0
usp000jgj0,2011-12-11,0,0,MEXICO:  GUERRERO,17.844,-99.963,54,6.4,0,2,5,28.1,8.8,0.0
us60007juk,2021-09-08,5806,0,MEXICO:  GUERRERO,16.982,-99.773,20,7.0,7,3,0,30.4,8.0,0.5
us6000ia64,2012-03-20,5447,0,"MEXICO:  GUERRERO, OAXACA",16.493,-98.231,20,7.4,8,2,13,33.1,20.6,0.0
us100040iy,2014-04-18,5563,0,MEXICO:  GUERRERO; MEXICO CITY,17.397,-100.972,24,7.2,6,0,0,31.1,9.5,0.0
us2000ahv7,2022-09-19,5859,0,"MEXICO:  MICHOACAN, COLIMA, JALISCO",18.367,-103.252,15,7.6,9,2,0,25.2,11.3,32.8
us20003j4l,2013-04-22,5752,0,MEXICO:  MICHOACAN: LAZARO CARDENAS,18.081,-102.182,30,6.0,6,0,0,30.1,20.4,0.0
us2000akhk,2014-07-29,0,0,MEXICO:  OAXACA,17.682,-95.653,107,6.3,5,1,1,32.2,13.0,2.2
us70006xjw,2017-09-23,0,0,MEXICO:  OAXACA,16.626,-95.078,10,6.1,0,5,7,33.2,7.4,13.6
us7000hiaj,2018-02-16,0,0,MEXICO:  OAXACA,16.386,-97.979,22,7.2,0,14,19,34.3,15.4,0.0
usc000t9y1,2022-05-25,5850,0,MEXICO:  OAXACA,16.325,-95.856,34,5.5,5,0,0,34.1,13.4,0.0
us6000iq0y,2010-06-30,0,0,MEXICO:  SAN ANDRES HUAXPALTEPEC,16.396,-97.782,20,6.2,0,1,0,27.8,5.2,41.6
usp000hnam,2013-08-21,0,0,"MEXICO:  SAN MARCOS, ACAPULCO",16.878,-99.498,21,6.2,8,0,1,32.6,9.8,2.1
us20005ct5,2014-05-08,0,0,MEXICO:  TECPAN,17.235,-100.746,17,6.4,5,0,0,32.4,20.2,27.9
us20005csz,2022-09-22,5861,0,"MEXICO: MEXICO CITY, MICHOACAN",18.308,-102.923,24,6.8,8,2,3,25.8,6.2,7.7
us7000hial,2017-09-19,0,0,"MEXICO: MEXICO CITY, MORELOS, PUEBLA",18.339,-98.68,39,7.1,9,369,6000,31.6,7.7,4.5
us60007mj2,2020-06-23,5751,0,MEXICO: OAXACA,16.029,-95.901,26,7.4,0,10,24,27.8,5.9,19.5
usb000mzqq,2017-09-08,5658,0,"MEXICO: OAXACA, CHIAPAS, TABASCO; GUATEMALA",14.761,-94.103,46,8.2,9,98,251,0.0,0.0,0.0
us200062i1,2014-07-07,0,0,MEXICO; GUATEMALA:  SAN MARCOS,14.728,-92.578,67,6.9,5,3,33,34.0,9.5,0.0
us10004gy9,2016-01-25,5792,0,MOROCCO:  MELILLA,35.649,-3.682,12,6.3,6,1,26,0.0,0.0,0.0
us20009pf9,2017-06-24,0,0,MOZAMBIQUE,-19.45,34.488,27,5.6,0,0,4,25.7,14.2,0.4
us20002xnn,2018-12-22,0,0,MOZAMBIQUE; ZIMBABWE,-20.643,32.803,16,5.6,0,0,10,24.0,15.0,4.5
us7000fx45,2011-02-04,0,0,MYANMAR (BURMA):  MONYWA,24.618,94.68,85,6.3,0,1,0,27.8,7.3,0.0
us10006gbf,2012-11-11,0,0,MYANMAR (BURMA):  SHWEBO,23.005,95.885,14,6.8,0,26,230,30.4,7.8,0.0
us100088mq,2017-03-13,0,0,MYANMAR (BURMA):  THARRAWADDY,17.399,96.0,10,5.1,0,2,36,35.6,11.6,0.0
usp000hyfx,2016-08-24,0,0,MYANMAR (BURMA): CHAUK,20.923,94.569,82,6.8,5,4,20,33.1,5.5,2.6
usp000jvbq,2011-03-24,0,0,MYANMAR:  TACHILEK,20.687,99.822,8,6.8,0,104,123,32.6,7.7,0.0
us2000292y,2015-05-12,0,0,NEPAL:   DOLAKHA,27.809,86.066,15,7.3,7,117,2800,17.2,7.0,5.1
us20002926,2015-04-25,0,0,NEPAL:   KATHMANDU; INDIA; CHINA; BANGLADESH,28.231,84.731,8,7.8,8,8957,24000,18.7,5.8,7.6
us10007cuh,2016-11-27,0,0,"NEPAL:   MOUNT AMA DABLAM, CHARIKHARKA",27.802,86.532,10,5.4,4,1,1,-4.1,6.1,0.0
us20002bi0,2017-06-21,0,0,NEPAL:  DHADING,27.64,85.17,0,3.2,0,1,1,24.4,5.9,16.7
us2000297g,2022-11-08,0,0,NEPAL:  SUDURPASHCHIM PROVINCE,29.274,81.149,18,5.7,7,6,8,19.3,6.1,0.0
us1000488j,2011-04-04,0,0,"NEPAL-INDIA:  UTTARAKHAND, UTTAR PRADESH",29.698,80.754,26,5.4,0,0,0,15.1,7.6,0.2
us2000bhlj,2011-05-10,5721,0,NEW CALEDONIA:  LOYALTY ISLANDS,-20.244,168.226,11,6.8,2,0,0,0.0,0.0,0.0
us1000azrh,2016-08-12,5604,0,NEW CALEDONIA:  LOYALTY ISLANDS,-22.477,173.117,16,7.2,0,0,0,0.0,0.0,0.0
us1000azjt,2017-10-31,5663,0,NEW CALEDONIA:  LOYALTY ISLANDS,-21.697,169.149,24,6.7,3,0,0,0.0,0.0,0.0
us1000i2kr,2017-11-01,5664,0,NEW CALEDONIA:  LOYALTY ISLANDS,-21.648,168.859,22,6.6,3,0,0,0.0,0.0,0.0
us60006ppb,2017-11-19,5723,0,NEW CALEDONIA:  LOYALTY ISLANDS,-21.638,168.673,14,6.3,5,0,0,0.0,0.0,0.0
us2000j8u8,2017-11-19,5724,0,NEW CALEDONIA:  LOYALTY ISLANDS,-21.503,168.598,13,6.6,4,0,0,0.0,0.0,0.0
us1000azg3,2017-11-19,5670,0,NEW CALEDONIA:  LOYALTY ISLANDS,-21.325,168.672,10,7.0,4,0,0,0.0,0.0,0.0
us2000bfdc,2018-08-29,5688,0,NEW CALEDONIA:  LOYALTY ISLANDS,-22.03,170.126,21,7.1,0,0,0,0.0,0.0,0.0
us7000fqcf,2018-10-16,5725,0,NEW CALEDONIA:  LOYALTY ISLANDS,-21.743,169.522,17,6.5,0,0,0,0.0,0.0,0.0
us1000azfp,2018-12-05,5698,0,NEW CALEDONIA:  LOYALTY ISLANDS,-21.95,169.427,10,7.5,0,0,0,0.0,0.0,0.0
us1000az9c,2021-02-10,5763,0,NEW CALEDONIA:  LOYALTY ISLANDS,-23.054,171.601,10,7.7,7,0,0,0.0,0.0,0.0
us2000bfbj,2022-03-30,5833,0,NEW CALEDONIA:  LOYALTY ISLANDS,-22.716,170.286,10,6.9,7,0,0,26.5,36.3,3.6
us2000bic2,2022-03-31,5834,0,NEW CALEDONIA:  LOYALTY ISLANDS,-22.579,170.354,10,7.0,6,0,0,27.6,34.9,1.3
usp000j3h1,2016-11-13,5613,0,NEW ZEALAND:  AMBERLEY,-42.737,173.054,15,7.8,8,2,0,14.6,17.0,2.0
usp000jdgb,2010-09-03,0,0,NEW ZEALAND:  CHRISTCHURCH,-43.522,171.83,12,7.0,9,0,2,0.7,8.7,3.9
usp000j338,2010-12-25,0,0,NEW ZEALAND:  CHRISTCHURCH,-43.55,172.647,5,4.5,0,0,0,0.0,0.0,0.0
us100077iv,2011-02-21,5407,0,"NEW ZEALAND:  CHRISTCHURCH, LYTTELTON",-43.583,172.68,6,6.1,0,185,1500,23.0,20.7,9.1
usp000k27k,2011-12-03,0,0,NEW ZEALAND:  COOK STRAIT,-41.364,174.315,56,5.3,0,0,0,20.2,23.5,3.1
us10007dcu,2013-07-21,5491,0,NEW ZEALAND:  COOK STRAIT,-41.704,174.337,17,6.5,0,0,5,15.0,20.0,0.0
us10007798,2016-09-01,5606,0,NEW ZEALAND:  GISBORNE,-37.359,179.146,19,7.0,5,0,0,0.0,0.0,0.0
us100077ck,2021-03-04,5769,0,NEW ZEALAND:  GISBORNE,-37.563,179.444,20,7.3,7,0,0,0.0,0.0,0.0
usp000hzpm,2010-09-06,0,0,NEW ZEALAND:  NORTH ISLAND:  PORANGAHAU,-40.433,176.818,21,5.1,6,0,0,16.8,48.1,2.7
usp000jdhr,2010-09-07,0,0,NEW ZEALAND:  SOUTH ISLAND:  CANTERBURY,-43.598,172.69,6,5.0,7,0,0,9.6,12.2,10.1
usc000tt6i,2011-06-13,0,0,NEW ZEALAND:  SOUTH ISLAND:  CANTERBURY,-43.564,172.743,6,6.0,0,1,45,0.0,0.0,0.0
us10006jvi,2010-09-06,0,0,NEW ZEALAND:  SOUTH ISLAND:  CHRISTCHURCH,-43.57,172.388,9,5.0,5,0,0,10.8,28.0,1.2
usc000tsfu,2011-12-23,0,0,NEW ZEALAND:  SOUTH ISLAND:  CHRISTCHURCH,-43.49,172.8,10,5.8,0,0,60,17.7,12.8,0.0
usp000h7nt,2013-08-16,5519,0,"NEW ZEALAND:  WELLINGTON, MARLBOROUGH",-41.731,174.027,12,6.5,6,0,0,14.0,21.7,3.5
usp000jch0,2011-07-06,5430,0,NEW ZEALAND: KERMADEC ISLANDS,-29.539,-176.34,17,7.6,0,0,0,0.0,0.0,0.0
us10006jf5,2022-01-29,5828,0,NEW ZEALAND: KERMADEC ISLANDS,-29.531,-176.749,10,6.5,0,0,0,24.6,39.5,29.4
us10006jfz,2014-01-20,0,0,"NEW ZEALAND: WELLINGTON, MANAWATU-WANGANUI",-40.66,175.814,28,6.1,7,0,0,13.2,21.4,17.0
usd0003cqx,2016-11-24,5620,0,NICARAGUA,11.96,-88.835,33,6.9,5,0,0,0.0,0.0,0.0
usc000pgsi,2016-09-28,0,0,NICARAGUA:  LEON,12.442,-86.515,8,5.5,4,1,5,33.9,12.8,0.0
usc000pjk9,2014-04-14,0,0,"NICARAGUA:  MANAGUA, CIUDAD SANDINO",12.151,-86.281,10,5.2,0,0,0,35.1,18.8,0.0
us6000hfxm,2014-04-10,0,0,"NICARAGUA:  NAGAROTE, MANAGUA",12.403,-86.378,13,6.1,0,2,250,35.2,27.8,0.0
us7000fskw,2012-08-27,5462,0,NICARAGUA:  OFF THE COAST,12.139,-88.59,28,7.3,0,0,0,0.0,0.0,0.0
se60324281,2020-08-09,0,0,NORTH CAROLINA:  SPARTA,36.476,-81.094,8,5.1,0,0,0,28.4,7.7,0.0
us1000gj78,2016-07-29,0,0,NORTHERN MARIANA ISLANDS,18.543,145.507,196,7.7,4,0,0,0.0,0.0,0.0
us10006jxs,2016-11-07,0,0,OKLAHOMA:  CUSHING,35.988,-96.805,3,5.0,6,0,0,18.9,13.3,9.6
us20004zy8,2014-02-09,0,0,OKLAHOMA:  GUTHRIE,35.937,-97.271,5,4.1,4,0,0,1.2,14.3,0.0
usp000jegm,2014-07-15,0,0,OKLAHOMA:  HARRAH,35.524,-97.146,5,3.9,5,0,0,30.7,21.1,0.8
usb000k49t,2010-12-19,0,0,OKLAHOMA:  LUTHER,35.827,-96.772,5,3.7,0,0,0,12.4,19.0,0.0
usc000nc7i,2011-11-06,0,0,OKLAHOMA:  SPARKS,35.532,-96.765,5,5.7,8,0,2,22.4,24.4,0.2
usb000ruks,2011-11-08,0,0,"OKLAHOMA:  SPARKS, PRAGUE",35.531,-96.788,5,5.0,0,0,0,20.1,25.6,51.0
us10003mxr,2018-03-04,0,0,"OKLAHOMA: BRECKENRIDGE, ENID",36.473,-97.722,5,4.2,0,0,0,20.5,32.8,0.0
us20002zz3,2015-07-24,0,0,PAKISTAN:  ABBOTTABAD,33.856,73.193,17,5.1,5,3,1,28.9,9.2,2.6
us10003qv5,2013-09-24,5506,0,"PAKISTAN:  AWARAN, KECH",26.951,65.501,15,7.7,4,825,619,37.4,18.8,0.0
usc000ttgc,2015-02-26,0,0,PAKISTAN:  BATTAGRAM,34.671,73.278,30,5.4,4,0,5,7.2,5.9,0.0
usp000hmyg,2010-10-10,0,0,"PAKISTAN:  KHANPUR, HARIPUR",33.869,72.887,33,5.2,0,1,15,32.2,13.0,0.0
us10006ucc,2016-10-01,0,0,"PAKISTAN:  MANSEHRA, NARAN",34.905,73.682,10,5.4,2,1,0,18.6,7.9,0.0
usb000jykm,2019-09-24,0,0,PAKISTAN:  MIRPUR DISTRICT,33.106,73.766,10,5.6,0,39,746,32.6,9.4,0.6
usb000jyiv,2014-05-08,0,0,PAKISTAN:  NAWABSHAH,26.387,68.358,15,4.5,0,2,70,39.9,11.4,0.0
us100029ys,2017-02-07,0,0,PAKISTAN:  PASNI,25.191,63.264,29,6.3,0,0,0,23.7,15.6,0.0
usb000jyj7,2010-11-12,0,0,PAKISTAN:  QUETTA,30.178,67.117,27,4.7,0,0,12,12.6,9.8,0.0
us100028z8,2013-09-28,0,0,PAKISTAN: AWARAN,27.183,65.505,12,6.8,0,22,50,31.8,23.9,0.0
usb000k1gb,2021-10-06,0,0,PAKISTAN: BALOCHISTAN PROVINCE,30.22,68.014,9,5.9,8,42,229,28.7,9.3,0.0
usb000jyqj,2011-01-18,0,0,"PAKISTAN: GARHI KHAIRO, QUETTA, BALOCHISTAN",28.777,63.951,68,7.2,0,3,0,19.4,15.7,0.0
us6000i6yz,2021-02-12,0,0,PAKISTAN: HARIPUR; TAJIKISTAN,38.132,73.569,91,5.9,8,1,0,-11.1,7.4,0.0
usp000j1t1,2015-03-29,5581,0,PAPUA NEW GUINEA,-4.729,152.562,41,7.5,6,0,0,29.7,12.1,7.4
us100029w0,2015-05-05,5583,0,PAPUA NEW GUINEA,-5.462,151.875,55,7.5,0,0,0,26.4,6.4,17.1
us70003gyq,2014-04-11,0,0,PAPUA NEW GUINEA:  BOUGAINVILLE ISLAND,-6.586,155.049,61,7.1,0,1,0,29.4,8.7,3.3
usp000jg91,2017-01-22,5642,0,PAPUA NEW GUINEA:  BOUGAINVILLE ISLAND,-6.246,155.172,135,7.9,9,3,0,28.1,10.5,18.2
us7000e230,2018-04-07,0,0,PAPUA NEW GUINEA:  HELA,-5.838,142.531,18,6.3,0,4,0,30.5,8.6,6.9
us20008lsv,2020-07-17,0,0,"PAPUA NEW GUINEA:  MOROBE, ORO",-7.843,147.766,80,7.0,0,1,1,30.1,7.8,11.2
usp000jpa9,2019-05-06,0,0,PAPUA NEW GUINEA:  MOROBE: WAMPAR,-6.977,146.44,127,7.2,0,0,0,28.4,3.6,14.4
usb000rsns,2016-12-17,5636,0,PAPUA NEW GUINEA:  NEW BRITAIN NEW IRELAND,-4.505,153.522,95,7.9,7,0,0,0.0,0.0,0.0
us6000c3td,2019-05-14,5705,0,"PAPUA NEW GUINEA:  RABAUL, DUKE OF YORK IS",-4.051,152.597,10,7.6,0,0,0,28.2,9.7,0.8
us6000i72t,2018-02-28,0,0,PAPUA NEW GUINEA:  S HIGHLANDS,-6.17,142.468,16,6.1,0,1,0,18.6,6.2,25.1
usp000jycn,2018-03-04,0,0,PAPUA NEW GUINEA:  S HIGHLANDS,-6.331,142.599,10,6.0,0,11,0,14.5,8.8,7.9
us700034ji,2018-03-06,0,0,"PAPUA NEW GUINEA:  S HIGHLANDS, HELA",-6.304,142.612,20,6.7,0,25,0,13.6,8.8,1.4
usp000jf93,2014-04-19,5564,0,PAPUA NEW GUINEA:  SOLOMON SEA,-6.755,155.024,43,7.5,0,0,0,28.8,6.0,13.6
usp000h74u,2022-09-10,0,0,"PAPUA NEW GUINEA: MOROBE, EASTERN HIGHLANDS",-6.256,146.469,90,7.6,8,12,42,24.9,9.4,1.0
usp000j9ge,2018-02-25,0,0,"PAPUA NEW GUINEA: S HIGHLANDS, HELA;  INDONESIA",-6.07,142.754,25,7.5,8,145,300,21.6,7.2,7.4
us6000etsu,2021-11-28,0,0,PERU:  AMAZONAS,-4.49,-76.846,112,7.5,8,0,3,32.0,7.4,2.6
us6000h4z7,2013-09-25,0,0,PERU:  AREQUIPA,-16.15,-74.87,31,7.1,6,0,0,0.0,0.0,0.0
us7000hcmn,2016-08-15,0,0,PERU:  AREQUIPA,-15.64,-71.68,8,5.5,6,9,68,15.3,12.8,0.0
usp000hqzj,2017-07-18,0,0,PERU:  AREQUIPA,-16.416,-73.636,44,6.4,0,1,1,0.0,0.0,0.0
us6000iuad,2019-03-01,0,0,PERU:  AREQUIPA,-14.713,-70.155,267,7.0,0,1,2,36.9,7.7,7.1
us7000hk9n,2015-02-28,0,0,PERU:  AREQUIPA:  CAYLLOMA:  CABANACONDE,-15.693,-71.934,10,4.5,3,0,0,13.0,10.8,10.0
us10008dvh,2020-06-07,0,0,PERU:  COAST:  CHIMBOTE,-9.634,-78.591,57,4.5,0,1,0,20.3,14.0,0.0
usb000syxy,2012-01-30,0,0,PERU:  ICA,-14.168,-75.635,43,6.4,0,0,119,28.1,16.0,0.2
us10006du3,2017-08-13,0,0,PERU:  JUNIN,-10.721,-74.566,32,5.8,0,1,2,29.8,9.7,0.2
us70003k8m,2019-05-26,0,0,"PERU:  LA LIBERTAD, CAJAMARCA; ECUADOR",-5.796,-75.298,110,8.0,0,2,30,31.1,7.6,15.6
usc000sxg6,2014-09-28,0,0,PERU:  PARURO PROVINCE,-13.843,-71.695,10,5.1,7,8,6,35.9,10.1,0.5
us7000efd5,2021-07-30,0,0,PERU:  PIURA,-4.934,-80.602,32,6.2,7,0,34,29.8,14.4,0.0
usp000j8h4,2022-10-05,0,0,PERU:  PIURA,-4.912,-80.56,48,5.8,8,1,2,31.1,18.6,0.0
usp000jw7j,2016-12-01,0,0,"PERU:  PUNO, LAMPA",-15.44,-70.93,10,6.2,6,1,17,11.8,14.8,6.9
us2000k80u,2013-02-22,0,0,PERU:  S,-15.748,-71.425,8,5.3,0,0,0,11.3,12.0,15.7
usp000h9wx,2011-10-28,0,0,PERU:  SAN VICENTE DE CANETE,-14.438,-75.966,24,6.9,0,1,103,25.3,17.4,0.0
usb000l6bt,2010-05-06,0,0,PERU:  TACNA,-18.058,-70.547,37,6.2,0,0,11,21.4,14.4,0.1
usb000s60y,2017-08-11,0,0,PERU: AREQUIPA,-16.299,-73.474,41,5.6,0,1,0,2.3,14.2,0.5
usc000mflt,2021-06-23,0,0,PERU: CANETE: MALA,-12.687,-76.721,50,5.8,7,1,20,0.0,0.0,0.0
us70003m17,2022-05-12,0,0,"PERU: LIMA, CALLAO, CHILCA",-12.36,-76.89,55,5.4,7,2,11,22.6,7.2,0.0
us7000ilgs,2022-07-12,0,0,"PERU: MOQUEGUA, AREQUIPA",-16.783,-71.31,10,5.5,7,0,3,10.5,9.9,0.0
us60007kt4,2022-05-26,0,0,PERU: PUNO,-14.863,-70.308,217,7.2,7,0,0,38.7,9.4,0.1
us7000h0af,2018-01-14,5675,0,PERU: YAUCA,-15.982,-74.512,38,7.1,9,2,139,0.0,0.0,0.0
us1000is4x,2015-11-24,0,0,PERU-BRAZIL,-10.77,-71.41,636,7.6,4,0,0,33.7,16.3,0.0
us7000993j,2015-11-24,0,0,PERU-BRAZIL,-10.07,-70.98,606,7.6,4,0,0,33.0,12.4,0.2
us1000hdhw,2014-09-20,0,0,PHILIPPINES:  BARANGAY LUAYON,6.864,125.233,26,5.2,5,0,1,28.9,3.8,0.7
us1000avnl,2019-07-26,0,0,PHILIPPINES:  BATANES:  ITBAYAT,20.807,121.986,10,6.0,0,9,64,0.0,0.0,0.0
usp000jvz7,2013-10-15,0,0,"PHILIPPINES:  BOHOL, CEBU, SIQUIJOR IS",9.88,124.117,19,7.1,7,222,976,32.0,8.4,12.1
usp000jek9,2012-08-31,5463,0,"PHILIPPINES:  CAGAYAN DE ORO, TACLOBAN",10.811,126.638,28,7.6,0,1,1,0.0,0.0,0.0
usp000je3w,2010-07-23,0,0,PHILIPPINES:  CELEBES SEA:  MORO GULF,6.486,123.467,586,7.6,4,0,0,0.0,0.0,0.0
usb000kiw6,2019-10-31,0,0,"PHILIPPINES:  COTABATO, SULTAN KUDARAT",6.91,125.156,10,6.5,0,10,0,29.6,4.7,18.7
usp000j227,2020-08-18,0,0,PHILIPPINES:  MASBATE,12.021,124.123,10,6.6,7,2,50,30.4,10.4,28.7
usp000hzjb,2012-03-05,0,0,PHILIPPINES:  MASBATE ISLAND,12.354,123.7,37,5.6,0,0,10,29.8,21.4,1.7
us2000je43,2011-03-03,0,0,PHILIPPINES:  MINDANAO,9.457,125.935,50,5.5,0,0,0,28.5,14.9,4.4
us10008fsd,2015-07-03,0,0,PHILIPPINES:  MINDANAO,10.169,125.891,32,6.1,0,1,0,0.0,0.0,0.0
us6000hmz8,2021-08-11,5801,0,PHILIPPINES:  MINDANAO,6.455,126.742,65,7.1,9,1,0,0.0,0.0,0.0
us2000a77i,2011-11-07,0,0,PHILIPPINES:  MINDANAO:  BUKIDNON PROVINCE,7.904,125.185,46,5.0,0,0,31,29.5,4.0,16.2
us2000fvfq,2019-11-18,0,0,PHILIPPINES:  MINDANAO:  BUKIDNON PROVINCE,7.625,124.912,0,5.9,6,0,16,33.9,3.9,2.4
usb000j65k,2019-10-16,0,0,"PHILIPPINES:  MINDANAO:  COTABATO, DAVAO",6.712,125.005,14,6.4,7,7,215,32.2,7.2,5.8
usp000jvjx,2019-10-29,0,0,"PHILIPPINES:  MINDANAO:  COTABATO, DAVAO",6.802,125.04,15,6.6,0,13,562,30.3,3.0,38.4
us10008jux,2019-12-15,0,0,PHILIPPINES:  MINDANAO:  DAVAO,6.708,125.188,22,6.8,0,13,210,31.5,6.1,19.4
us6000iayh,2019-07-09,0,0,"PHILIPPINES:  MINDANAO:  MAKILALA, TULUNAN",6.802,125.169,24,5.6,0,1,3,30.6,5.6,7.8
usb000kign,2013-06-01,0,0,"PHILIPPINES:  N. COTABATO:  KIMADZIL, KIBUGTONGAN",7.275,124.898,10,5.7,0,0,33,33.6,7.9,0.0
us70005ulv,2012-02-06,0,0,PHILIPPINES:  NEGROS ORIENTAL PROVINCE,9.999,123.206,11,6.7,0,51,112,26.9,18.4,28.1
us6000645n,2019-04-22,0,0,PHILIPPINES:  PAMPANGA PROVINCE,14.924,120.497,20,6.1,0,18,183,36.3,15.8,0.0
usc000taxu,2012-03-16,0,0,PHILIPPINES:  SURIGAO,10.037,125.633,18,5.8,0,0,55,28.5,24.4,2.7
us2000i6mv,2017-04-08,0,0,"PHILIPPINES: BATANGAS, CALABARZON",13.77,120.935,14,5.9,0,0,6,30.5,14.0,0.7
us7000e28e,2017-07-06,0,0,PHILIPPINES: LEYTE,11.127,124.629,11,6.5,9,4,448,29.6,7.5,7.3
us6000f5na,2017-08-22,0,0,PHILIPPINES: LEYTE: ORMOC,10.954,124.707,17,5.0,0,2,0,32.8,15.0,2.9
usb000khj3,2022-07-27,5855,0,PHILIPPINES: LUZON: ABRA,17.56,120.801,10,7.0,9,11,609,27.4,7.8,7.2
usp000j4q8,2022-10-25,0,0,PHILIPPINES: LUZON: ABRA,17.662,120.823,27,6.4,8,0,139,28.5,20.5,0.2
usp000js8q,2017-09-23,0,0,PHILIPPINES: MINDANAO: LANAO DEL SUR PROVINCE,7.562,124.743,8,5.7,0,0,11,30.4,5.8,0.2
usp000jsf8,2019-07-12,0,0,PHILIPPINES: MINDANAO: SURIGAO DEL SUR PROVINCE,9.334,126.04,14,5.8,0,0,59,29.8,12.1,2.1
us2000j47l,2017-04-28,5648,0,PHILIPPINES: SARANGANI,5.504,125.066,26,6.9,9,0,7,0.0,0.0,0.0
usp000jrc2,2017-02-10,0,0,PHILIPPINES: SURIGAO DEL NORTE,9.907,125.452,15,6.5,8,8,202,28.2,23.1,1.5
usp000jtg7,2017-03-05,0,0,PHILIPPINES: SURIGAO DEL NORTE,9.831,125.496,11,5.7,0,1,45,27.6,25.7,20.7
us7000hebv,2019-07-01,0,0,POLAND:  KATOWICE,50.287,18.997,0,3.1,0,3,6,36.3,25.3,2.8
us7000hjvj,2016-11-29,0,0,POLAND:  RUDNA,51.613,16.157,5,4.2,0,8,9,1.2,23.4,0.0
us7000i3mn,2019-01-12,0,0,POLAND:  RUDNA,51.547,16.111,1,3.7,0,1,6,4.3,25.2,2.4
us6000id05,2019-01-22,0,0,POLAND:  RYDULTOWY,50.11,18.456,5,3.9,0,1,8,-2.2,9.4,0.0
us6000iczk,2018-05-05,0,0,POLAND:  SILESIAN:  JASTRZEBIE-ZDROJ,50.124,18.683,1,4.1,0,5,2,20.5,19.7,0.0
us6000is3u,2022-04-23,0,0,POLAND:  SILESIAN:  JASTRZEBIE-ZDROJ,50.04,18.59,1,2.8,0,10,0,14.7,13.0,0.0
us70006ye2,2014-01-13,0,0,PUERTO RICO,19.043,-66.81,20,6.4,5,0,0,0.0,0.0,0.0
usp000jc9w,2010-05-16,0,0,"PUERTO RICO:  LARES, VEGA BAJA",18.4,-67.07,113,5.8,0,0,0,29.6,15.5,2.5
usp000jc9x,2020-01-07,5736,0,"PUERTO RICO:  PONCE,SAN JUAN",17.916,-66.813,10,6.4,8,4,0,29.4,21.6,0.8
usb000qe6z,2013-02-15,0,0,RUSSIA:  CHELYABINSK (METEOR EXPLOSION),55.15,61.41,0,4.2,0,0,1000,-8.1,9.9,0.0
usp000he8v,2013-06-18,0,0,RUSSIA:  KEMEROVO,54.263,86.173,10,5.3,0,0,0,17.2,17.9,0.0
usp000j1sz,2022-07-05,0,0,RUSSIA:  KEMEROVO,53.75,88.04,10,4.4,0,2,0,26.2,16.4,4.5
usb000h0fh,2013-04-19,5479,0,RUSSIA:  KURIL ISLANDS,46.221,150.788,110,7.2,0,0,0,0.0,0.0,0.0
usb000gdhn,2020-03-25,5746,0,RUSSIA:  KURIL ISLANDS,48.986,157.693,57,7.5,6,0,0,0.0,0.0,0.0
usb000gdfh,2011-12-27,0,0,RUSSIA:  KYZYL,51.842,95.911,15,6.7,0,0,0,-20.1,8.1,0.0
usp000h9bg,2012-08-14,0,0,RUSSIA:  SAKHALIN ISLAND,49.8,145.064,583,7.7,0,0,0,0.0,0.0,0.0
usp000ju1y,2013-05-24,0,0,RUSSIA:  SEVERO KURILSKIYE,54.892,153.221,598,8.3,0,0,0,0.0,0.0,0.0
usb000gz9g,2017-07-17,5654,0,RUSSIA: BERING ISLAND,54.443,168.857,10,7.7,8,0,0,0.0,0.0,0.0
us100088mq,2015-08-07,0,0,RWANDA:  BUKAVU,-2.141,28.897,11,5.8,4,3,30,14.5,10.7,0.0
us10002zzn,2016-09-23,0,0,RWANDA:  RISUZI; CONGO:  UKAVU,-2.65,29.06,10,4.8,0,8,0,23.6,8.7,1.1
us10002zzr,2021-05-25,0,7536,RWANDA: RUBAVU; CONGO,-1.601,29.4,10,4.7,7,32,0,30.4,9.4,0.0
usp000he2t,2013-11-17,5534,0,SCOTIA SEA:  SOUTH ORKNEY ISLANDS,-60.274,-46.401,10,7.7,0,0,0,0.0,0.0,0.0
usp000je09,2021-01-23,5762,0,SCOTIA SEA:  SOUTH SHETLAND ISLANDS,-61.825,-55.494,10,6.9,9,0,0,0.0,0.0,0.0
usp000h6ay,2010-01-03,4522,0,SOLOMON ISLANDS,-8.743,157.477,26,6.6,0,0,0,0.0,0.0,0.0
usp000jmvf,2010-01-03,4523,0,SOLOMON ISLANDS,-8.799,157.346,25,7.1,0,0,0,0.0,0.0,0.0
usp000jt6z,2010-01-05,4542,0,SOLOMON ISLANDS,-9.019,157.551,15,6.8,0,0,0,0.0,0.0,0.0
usc000pimf,2014-04-12,5559,0,SOLOMON ISLANDS,-11.27,162.148,23,7.6,0,0,0,0.0,0.0,0.0
usb000prqr,2014-04-13,5560,0,SOLOMON ISLANDS,-11.463,162.051,39,7.4,0,0,0,0.0,0.0,0.0
us10006rub,2015-07-10,5589,0,SOLOMON ISLANDS,-9.307,158.403,12,6.7,0,0,0,0.0,0.0,0.0
us20007zaq,2015-07-18,5588,0,SOLOMON ISLANDS,-10.401,165.141,11,7.0,8,0,0,0.0,0.0,0.0
us7000i7uj,2015-11-18,5722,0,SOLOMON ISLANDS,-8.899,158.422,13,6.8,4,0,0,0.0,0.0,0.0
usp000jncm,2016-12-08,5630,0,SOLOMON ISLANDS,-10.681,161.327,40,7.8,8,1,0,0.0,0.0,0.0
usb000l633,2016-12-09,5632,0,SOLOMON ISLANDS,-10.749,161.132,20,6.9,7,0,0,0.0,0.0,0.0
usb000l5zb,2013-02-06,5476,0,SOLOMON ISLANDS:  SANTA CRUZ ISLANDS,-10.799,165.114,24,7.9,8,10,15,0.0,0.0,0.0
usc000tsa0,2013-02-08,5477,0,SOLOMON ISLANDS:  SANTA CRUZ ISLANDS,-10.928,166.018,21,7.0,0,0,0,0.0,0.0,0.0
us10008eel,2012-07-25,0,0,SOLOMON ISLANDS: GUADALCANAL,-9.694,159.727,20,6.4,0,0,0,30.1,8.9,6.8
us6000c1np,2014-08-05,0,0,SOUTH AFRICA:  ORKNEY,-26.99,26.705,5,5.5,6,1,17,24.9,16.9,0.0
us7000feai,2018-05-03,0,0,SOUTH AFRICA:  WEST RAND,-26.4,27.5,0,2.1,0,7,6,24.0,21.7,0.1
us10006p1f,2016-09-12,0,0,SOUTH KOREA:  GYEONGJU,35.781,129.216,13,5.4,6,1,14,21.1,13.3,13.4
us6000f906,2017-11-15,0,0,SOUTH KOREA: POHANG,36.074,129.27,10,5.5,8,0,90,11.0,22.4,0.0
usp000h72y,2016-08-19,5605,0,SOUTH SANDWICH ISLANDS,-55.285,-31.877,10,7.4,0,0,0,0.0,0.0,0.0
usp000h6wk,2021-08-12,0,0,SOUTH SANDWICH ISLANDS,-57.596,-25.187,63,7.5,0,0,0,0.0,0.0,0.0
usp000h9dp,2021-08-12,5802,0,SOUTH SANDWICH ISLANDS,-58.416,-25.321,48,8.1,0,0,0,0.0,0.0,0.0
usp000j1en,2011-05-11,0,0,SPAIN:  LORCA,37.699,-1.672,1,5.1,0,10,0,23.9,15.2,0.0
usb000qxnd,2018-02-06,0,0,TAIWAN:  HUALIEN,24.134,121.659,17,6.4,0,17,291,12.0,17.7,3.3
us10001ps8,2019-04-18,0,0,TAIWAN:  HUALIEN,23.989,121.693,20,6.1,0,1,16,26.7,8.9,14.8
us20003jy9,2022-09-18,0,0,TAIWAN:  HUALIEN,23.159,121.316,10,6.9,9,1,140,23.1,6.0,1.5
usp000huhz,2013-06-02,0,0,TAIWAN:  JENAI,23.789,121.141,17,6.3,0,4,21,28.3,4.0,0.5
usp000jwpg,2010-03-04,0,0,TAIWAN:  KAO-HSIUNG,22.918,120.795,21,6.3,0,0,96,23.8,10.1,0.5
usc000taxi,2013-03-27,0,0,"TAIWAN:  NANTOU COUNTY, TAIPEI",23.828,121.215,19,6.0,0,1,86,15.5,6.9,2.1
usb000tp6y,2012-02-26,0,0,TAIWAN:  PINGTUNG,22.661,120.891,28,5.9,0,0,0,16.4,14.3,7.4
us20005zay,2016-02-05,0,0,TAIWAN:  TAINAN,22.97,120.46,10,6.4,7,117,525,21.4,12.4,1.9
us7000i91w,2015-04-20,0,0,TAIWAN:  TAIPEI,24.203,122.316,29,6.4,4,1,1,0.0,0.0,0.0
us10007tup,2019-08-07,0,0,TAIWAN:  TAIPEI,24.475,121.947,10,5.9,0,1,0,31.9,12.0,25.7
us1000avwk,2022-03-22,0,0,"TAIWAN: HUALIEN, T'AIT-TUNG",23.412,121.562,24,6.7,7,0,1,25.6,11.3,16.4
us100044k6,2010-01-02,0,0,TAJIKISTAN,38.245,71.467,47,5.1,0,0,0,-13.0,3.6,0.0
usp000htk2,2012-05-12,0,0,TAJIKISTAN,38.612,70.354,10,5.7,0,1,0,11.6,7.6,8.0
us1000db5t,2015-12-07,0,0,TAJIKISTAN,38.211,72.78,22,7.2,3,2,0,-11.3,3.3,1.2
us10007ca2,2016-07-01,0,0,TAJIKISTAN:  RASHT,38.881,70.559,10,5.0,0,0,0,13.1,5.9,3.7
us10007ca5,2013-11-10,0,0,TAJIKISTAN:  VAHDAT,38.41,68.89,23,5.2,4,0,0,12.1,6.8,0.0
us1000dz25,2021-07-10,0,0,TAJIKISTAN: RASHT; TOJIKOBOD,38.959,70.572,16,5.8,8,5,0,11.8,8.2,0.8
us20005hen,2016-09-10,0,0,TANZANIA:  LAKE VICTORIA;  UGANDA: RAKAI,-1.036,31.618,40,5.9,0,23,252,26.7,16.5,0.0
usp000hb0j,2019-03-21,0,0,"TANZANIA:  SONGWE, MBEYA",-7.914,32.109,22,5.5,0,1,0,26.9,11.0,2.0
us10006nkx,2017-05-25,0,0,TANZANIA: MWANZA,-3.043,32.888,10,4.4,0,1,18,32.2,17.8,0.0
us20004yvv,2013-04-18,0,0,TEXAS:  WEST,31.817,-97.088,0,2.1,0,14,200,26.4,33.7,19.6
us700036we,2014-05-05,0,0,THAILAND:  CHIANG RAI,19.656,99.67,6,6.1,5,1,32,31.1,9.2,38.2
us7000bfgl,2018-01-08,0,0,THE NETHERLANDS: GRONINGEN,53.2,6.6,0,3.4,0,0,0,1.7,28.9,0.0
us6000ezru,2019-05-22,0,0,THE NETHERLANDS: GRONINGEN,53.394,6.586,10,3.2,0,0,0,15.7,21.8,0.0
us6000exi9,2022-11-11,5866,0,TONGA ISLANDS,-19.318,-172.1,24,7.3,5,0,0,25.8,26.6,10.8
usp000jmr8,2018-04-24,0,0,TURKEY:  ADIYAMAN,37.596,38.514,10,5.2,0,0,39,25.9,10.9,0.0
us10003mgj,2020-06-14,0,0,TURKEY:  BINGOL,39.421,40.697,10,5.9,0,1,35,16.1,19.9,3.1
us2000jkr3,2017-02-06,0,0,TURKEY:  CANAKKALE,39.599,26.065,10,5.3,0,0,5,17.5,30.7,0.0
us10008vt5,2019-08-08,0,0,TURKEY:  DENIZLI,37.948,29.697,10,5.8,0,0,0,30.3,10.8,0.0
usp000h8x1,2020-01-24,0,0,TURKEY:  ELAZIG AND MALATYA PROVINCES,38.39,39.081,12,6.7,0,41,1600,-3.3,17.7,0.0
us2000kacn,2010-03-08,0,0,"TURKEY:  ELAZIG PROVINCE:  OKCULAR, YUKARI DEMIRCI",38.864,39.986,12,6.1,0,51,100,12.0,11.3,1.5
usp000h8xh,2011-10-23,0,0,"TURKEY:  ERCIS, VAN",38.722,43.513,16,7.1,0,604,2608,14.8,8.0,0.0
us10003ksq,2012-06-10,0,0,TURKEY:  FETHIYE; GREECE:  RHODES,36.42,28.88,35,6.1,0,0,6,32.6,12.3,0.0
us20007ebw,2019-09-26,0,0,TURKEY:  ISTANBUL,40.89,28.173,10,5.7,0,1,34,25.2,9.8,0.0
usp000j1up,2011-05-19,0,0,TURKEY:  SIMAV,39.12,29.04,7,4.3,0,2,125,19.6,11.7,7.3
us60007ewc,2012-06-14,0,0,TURKEY:  SIRNAK,37.294,42.325,5,5.3,0,0,23,40.2,9.8,0.0
usp000jjyr,2011-11-09,0,0,TURKEY:  VAN,38.429,43.229,5,5.7,0,40,0,5.2,16.9,0.0
us10008riw,2020-06-25,0,0,TURKEY:  VAN,38.558,44.023,10,5.4,0,0,5,26.5,14.2,0.0
us7000abxv,2017-07-20,5655,0,"TURKEY: BODRUM, DATCA; GREECE: KOS",36.929,27.414,7,6.6,7,2,500,32.0,22.9,0.0
usp000j8cv,2017-05-28,0,0,"TURKEY: MANISA: SARUHANLI, GOLMARMARA",38.764,27.778,3,4.9,0,0,0,24.7,16.3,0.2
us6000abnv,2020-02-23,0,0,TURKEY: VAN;  IRAN,38.482,44.367,10,6.0,0,10,60,3.1,8.3,0.0
us7000aavx,2020-03-18,0,0,UTAH,40.751,-112.078,12,5.7,6,0,0,15.4,14.0,1.1
usb000h6in,2011-07-19,0,0,"UZBEKISTAN:  FARGONA, VIOLYATI",40.081,71.41,20,6.1,0,14,86,21.2,10.8,0.0
usc000rrmg,2010-08-10,5222,0,VANUATU ISLANDS,-17.541,168.069,25,7.2,7,0,0,0.0,0.0,0.0
usp000hsnv,2010-12-25,5403,0,VANUATU ISLANDS,-19.702,167.947,16,7.3,0,0,4,0.0,0.0,0.0
usp000hdbr,2011-01-09,5419,0,VANUATU ISLANDS,-19.157,168.311,24,6.5,0,0,0,0.0,0.0,0.0
usp000hd84,2011-08-20,5437,0,VANUATU ISLANDS,-18.365,168.143,32,7.1,0,0,0,0.0,0.0,0.0
usp000hu8h,2011-08-20,5436,0,VANUATU ISLANDS,-18.311,168.218,28,7.0,0,0,0,0.0,0.0,0.0
us10002aip,2012-02-02,5442,0,VANUATU ISLANDS,-17.827,167.133,23,7.0,0,0,0,0.0,0.0,0.0
us20005ie6,2012-03-09,5706,0,VANUATU ISLANDS,-19.125,169.613,16,6.7,0,0,0,0.0,0.0,0.0
usb000sit2,2012-04-14,5451,0,VANUATU ISLANDS,-18.972,168.741,11,6.3,0,0,0,0.0,0.0,0.0
us6000c4rx,2015-02-19,5582,0,VANUATU ISLANDS,-16.431,168.148,10,6.4,5,0,0,0.0,0.0,0.0
usp000j22e,2016-04-28,5600,0,VANUATU ISLANDS,-16.043,167.379,24,7.0,0,0,0,0.0,0.0,0.0
us2000itwu,2018-12-15,0,7244,VANUATU ISLANDS: AMBRYM ISLAND,-16.416,168.22,11,5.4,0,0,0,0.0,0.0,0.0
usc000tlui,2010-01-15,0,0,VENEZUELA:  CARIACO,10.454,-63.475,8,5.5,0,0,11,30.2,16.1,0.0
us10003vgf,2015-11-07,0,0,VENEZUELA:  MERIDA,8.477,-71.365,14,5.3,0,1,0,26.8,5.0,11.9
us100040dr,2015-11-22,0,0,VENEZUELA:  MERIDA,8.48,-71.42,5,5.1,4,1,3,28.2,5.5,1.9
us1000hw7f,2018-04-03,0,0,VENEZUELA:  MERIDA,8.346,-71.719,10,4.9,0,0,0,21.9,4.9,14.2
usp000hj4g,2018-08-21,5687,0,VENEZUELA:  SUCRE; TRINIDAD,10.773,-62.902,146,7.3,0,5,0,27.3,19.8,21.2
us7000gkjc,2020-07-27,0,0,VIETNAM: SON LA PROVINCE,20.872,104.541,10,4.8,0,0,0,29.8,9.6,3.4
us7000h5hl,2011-08-23,0,0,"VIRGINIA:  LOUISA COUNTY, MARYLAND, WASHINGTON D.C.",37.936,-77.933,6,5.8,7,0,0,28.7,12.4,0.0
us20008lww,2017-02-24,0,0,ZAMBIA:  KAPUTA,-8.44,30.031,30,5.9,0,0,5,18.0,8.4,0.5
