"Search Parameters"	"Year"	"Mo"	"Dy"	"Hr"	"Mn"	"Sec"	"Tsu"	"Vol"	"Location Name"	"Latitude"	"Longitude"	"Focal Depth (km)"	"Mag"	"MMI Int"	"Deaths"	"Death Description"	"Missing"	"Missing Description"	"Injuries"	"Injuries Description"	"Damage ($Mil)"	"Damage Description"	"Houses Destroyed"	"Houses Destroyed Description"	"Houses Damaged"	"Houses Damaged Description"	"Total Deaths"	"Total Death Description"	"Total Missing"	"Total Missing Description"	"Total Injuries"	"Total Injuries Description"	"Total Damage ($Mil)"	"Total Damage Description"	"Total Houses Destroyed"	"Total Houses Destroyed Description"	"Total Houses Damaged"	"Total Houses Damaged Description"
"[""2010 <= Year >= 2022""]"																																						
	2010	1	2	2	15	12			"TAJIKISTAN"	38.245	71.467	47	5.1								1.5	2	98	2	1000	3							1.5	2	98	2	1000	3
	2010	1	3	21	48	5.3	4522		"SOLOMON ISLANDS"	-8.743	157.477	26	6.6																									
	2010	1	3	22	36	27.9	4523		"SOLOMON ISLANDS"	-8.799	157.346	25	7.1									1	16	1	60	2								1	16	1	60	2
	2010	1	5	12	15	32.2	4542		"SOLOMON ISLANDS"	-9.019	157.551	15	6.8																									
	2010	1	10	0	25	4.2			"INDONESIA:  JAVA:  GARUT"	-7.907	107.879	65	5.1		1	1			2	1							1	1			2	1						
	2010	1	10	0	27	39.3			"CALIFORNIA:  OFF COAST NORTHERN"	40.652	-124.692	29	6.5						30	1	21.8	3									30	1	21.8	3				
	2010	1	12	21	53	10	4622		"HAITI:  PORT-AU-PRINCE"	18.457	-72.533	13	7		316000	4			30000	4	8000	4	97294	4	188383	4	316000	4			300000	4	8000	4	97294	4	188383	4
	2010	1	15	18	0	46.7			"VENEZUELA:  CARIACO"	10.454	-63.475	8	5.5						11	1		1			3	1					11	1		1			3	1
	2010	1	16	20	23	37			"IRAN:  KHUZESTAN:  ARRJAN"	32.45	48.3	5	5									2												2			150	3
	2010	1	17	9	37	26.1			"CHINA:  GUIZHOU PROVINCE"	25.558	105.804	27	4.4		7	1	1		9	1							7	1	1	1	9	1						
	2010	1	30	21	36	58			"CHINA:  SICHUAN PROVINCE: MOXI"	30.268	105.668	10	4.7		1	1			15	1		2	200	3	200	3	1	1			15	1		2	200	3		
	2010	2	25	4	56	51.9			"CHINA:  YUNNAN PROVINCE"	25.523	101.903	36	4.8						11	1		1				1					11	1		1				1
	2010	2	26	20	31	26.9	4782		"JAPAN:  TORI SHIMA, OKINAWA"	25.93	128.425	25	7						2	1		1									2	1		1				
	2010	2	27	6	34	11.5	4682		"CHILE:  MAULE, CONCEPCION, TALCAHUANO"	-36.122	-72.898	23	8.8	9	402	3			12000	4	30000	4			500000	4	558	3			12000	4	30000	4			500000	4
	2010	2	27	15	45	37			"ARGENTINA:  SALTA"	-24.872	-65.602	10	6.3		2	1			2	1							2	1			2	1						
	2010	3	4	0	18	51.2			"TAIWAN:  KAO-HSIUNG"	22.918	120.795	21	6.3						96	2	1000	4									96	2	1000	4			340	3
	2010	3	8	2	32	34.7			"TURKEY:  ELAZIG PROVINCE:  OKCULAR, YUKARI DEMIRCI"	38.864	39.986	12	6.1		51	2			100	2		2	287	3	287	3	51	2			100	2		2	287	3	700	3
	2010	3	11	14	39	43.9	4722		"CHILE:  RANCAGUA"	-34.29	-71.891	11	6.9									1												1				
	2010	3	30	16	54	46.7			"INDIA: ANDAMAN ISLANDS:  DIGLIPUR"	13.667	92.831	34	6.7						10	1		2									10	1		2				3
	2010	4	4	22	40	43.1			"MEXICO:  BAJA CALIFORNIA"	32.297	-115.278	4	7.2		2	1			233	3	1150	4				3	2	1			233	3	1150	4				3
	2010	4	6	22	15	1.5	4763		"INDONESIA:  SUMATRA"	2.383	97.048	31	7.8																									
	2010	4	13	23	49	38.3			"CHINA:  QINGHAI PROVINCE:  YUSHU"	33.165	96.548	17	6.9		2220	4	70	2	12135	4	500	4	15000	4			2220	4	70	2	12135	4	500	4	15000	4		
	2010	4	18	20	28	50.2			"AFGHANISTAN:  SAMANGAN PROVINCE"	35.633	67.658	13	5.6		11	1			70	2		4	2000	4			11	1			70	2		4	2000	4		
	2010	4	20	0	17	8			"AUSTRALIA:  KALGOORLIE"	-30.794	121.406	0	5.2						3	1		1									3	1		1				1
	2010	5	1	22	36	29.3			"INDIA:  CHAMOLI"	30.099	80.026	36	4.5									1												1				
	2010	5	6	2	42	47.9			"PERU:  TACNA"	-18.058	-70.547	37	6.2						11	1		2									11	1		2				2
	2010	5	9	5	59	41.6			"INDONESIA:  N. SUMATRA: SIMEULUE ISLAND"	3.748	96.018	38	7.2									1												1				
	2010	5	14	12	29	22.3			"ALGERIA:  NORTHERN:  BENI YELLMAN"	35.9	4.12	2	5.2		2	1			43	1							2	1			43	1						
	2010	5	16	5	16	10			"PUERTO RICO:  LARES, VEGA BAJA"	18.4	-67.07	113	5.8									1												1				1
	2010	5	29	11	46	50.3	4822	5184	"ANATAHAN REGION, N. MARIANA ISLANDS"	16.591	145.682	10	4.4																									
	2010	6	12	19	26	50.4	4902		"INDIA:  LITTLE NICOBAR ISLAND"	7.881	91.936	35	7.5	6																								
	2010	6	15	4	26	58.4			"CALIFORNIA:  OCOTILLO"	32.7	-115.921	5	5.8									1				1								1				1
	2010	6	16	3	16	27.5			"INDONESIA: NEW GUINEA:  IRIAN JAYA: JAPEN"	-2.174	136.543	18	7	6	17	1						3	2556	4			17	1						3	2556	4		
	2010	6	18	23	9	31			"INDIA:  ANDAMAN ISLANDS:  DIGLIPUR"	13.197	93.087	20	5.9									1												1				2
	2010	6	22	23	14	10.8			"INDIA:  TAULI"	29.872	80.428	16	5.2									1		1		1								1		1		
	2010	6	23	17	41	41			"CANADA:  QUEBEC:  VAL-DES-BOIS, GRACEFIELD"	45.88	-75.48	22	5.2	6								1												1				
	2010	6	30	7	22	27.6			"MEXICO:  SAN ANDRES HUAXPALTEPEC"	16.396	-97.782	20	6.2		1	1											1	1										
	2010	7	20	19	38	9.5			"IRAN:  FARSINAJ"	27.022	53.861	10	5.8		1	1			32	1		2				3	1	1			32	1		2				3
	2010	7	23	22	51	12.4			"PHILIPPINES:  CELEBES SEA:  MORO GULF"	6.486	123.467	586	7.6	4																								
	2010	7	30	13	50	13.2			"IRAN:  TORBET-I-HEYDARIYEH"	35.217	59.308	24	5.4						274	3		3									274	3		3				
	2010	8	10	5	23	44.9	5222		"VANUATU ISLANDS"	-17.541	168.069	25	7.2	7																								
	2010	8	12	11	54	15.5			"ECUADOR:  MANTA, GUAYAQUIL, LOJA"	-1.266	-77.306	207	7.1									1												1				
	2010	8	13	21	19	33	5343		"GUAM, NORTHERN MARIANA ISLANDS"	12.484	141.476	10	6.9																									
	2010	8	27	19	23	49.5			"IRAN:  DAMGHAN-TORUD"	35.49	54.47	7	5.7		3	1			200	3		3	700	3			3	1			200	3		3	700	3		
	2010	8	29	0	53	31.4			"CHINA:  SICHUAN PROVINCE: NINGANG, ZIAOJIA"	27.197	103.005	35	4.9						14	1		3			1001	4					14	1		3			1001	4
	2010	9	3	16	35	47.7			"NEW ZEALAND:  CHRISTCHURCH"	-43.522	171.83	12	7	9					2	1	6500	4				3					2	1	6500	4				3
	2010	9	6	11	24	1.5			"NEW ZEALAND:  SOUTH ISLAND:  CHRISTCHURCH"	-43.57	172.388	9	5	5								1												1				
	2010	9	6	22	48	33.2			"NEW ZEALAND:  NORTH ISLAND:  PORANGAHAU"	-40.433	176.818	21	5.1	6								1												1				
	2010	9	7	19	49	57.4			"NEW ZEALAND:  SOUTH ISLAND:  CANTERBURY"	-43.598	172.69	6	5	7								1												1				
	2010	9	10	17	24	16.6			"BANGLADESH:  NARAYANGANJ"	23.407	90.648	10	4.8	5								1												1				
	2010	9	27	11	22	46			"IRAN:  SHIRAZ"	29.647	51.665	27	5.8		1	1			3	1		1		1			1	1			3	1		1		1		
	2010	10	10	21	44	25.9			"PAKISTAN:  KHANPUR, HARIPUR"	33.869	72.887	33	5.2		1	1			15	1		2			100	1	1	1			15	1		1			100	2
	2010	10	25	14	42	22	5342		"INDONESIA:  SUMATRA"	-3.487	100.082	20	7.8														431	3					39	4	700	3		
	2010	11	3	0	56	55			"BALKANS NW: SERBIA:  KRALJEVO"	43.76	20.673	1	5.5	6	2	1			100	2		3	1000	3	5000	4	2	1			100	2		3	1000	3	5000	4
	2010	11	6	3	52	20			"IRAN:  DORUD-RAZAN"	33.37	48.94	5	4.9						104	3		1				2					104	2		1				2
	2010	11	12	9	37	19.9			"PAKISTAN:  QUETTA"	30.178	67.117	27	4.7						12	1		1				2					12	1		1				2
	2010	12	16	12	14	24.5			"ETHIOPIA:  JIMA,  HOSA'INA, SHENK'OLA, WENJELA"	7.521	37.839	10	5.1							3		2				3						3		2				3
	2010	12	19	5	5	30			"OKLAHOMA:  LUTHER"	35.827	-96.772	5	3.7									1				1								1				1
	2010	12	20	18	41	59.2			"IRAN:  KERMAN"	28.412	59.18	12	6.5		7	1			25	1		3		3	1800	4	7	1			25	1		3		3	1800	4
	2010	12	21	17	19	40.6	5402		"JAPAN:  BONIN ISLANDS"	26.901	143.698	14	7.4																									
	2010	12	25	13	16	37	5403		"VANUATU ISLANDS"	-19.702	167.947	16	7.3																		4	1		1				
	2010	12	25	21	30	15.7			"NEW ZEALAND:  CHRISTCHURCH"	-43.55	172.647	5	4.5									1			20	1								1			20	1
	2011	1	5	16	32	24.2			"IRAN:  FARS PROVINCE"	30.16	51.62	24	4.5						16	1		2									16	1		2				
	2011	1	9	10	3	44.2	5419		"VANUATU ISLANDS"	-19.157	168.311	24	6.5																									
	2011	1	18	20	23	23.4			"PAKISTAN: GARHI KHAIRO, QUETTA, BALOCHISTAN"	28.777	63.951	68	7.2		3	1				2		2	200	3	200	3	3	1				2		2			200	3
	2011	2	1	7	11	26			"CHINA:  YUNNAN PROVINCE:  PINGYUAN"	24.693	97.943	31	4.8						1	1		2			700	3					1	1		2			700	3
	2011	2	4	13	53	46.2			"MYANMAR (BURMA):  MONYWA"	24.618	94.68	85	6.3		1	1						1		2			1	1						1		2		
	2011	2	11	20	5	30.7	5406		"CHILE:  OFF COAST CENTRAL"	-36.474	-73.125	28	6.8																									
	2011	2	17	22	47	21.5			"COLORADO:  PAONIA"	38.947	-107.497	1	3.1									1												1				
	2011	2	21	23	51	42.3	5407		"NEW ZEALAND:  CHRISTCHURCH, LYTTELTON"	-43.583	172.68	6	6.1		185	3			1500	4	15000	4	100000	4			185	3			1500	4	15000	4	100000	4		
	2011	3	3	15	12	1.4			"PHILIPPINES:  MINDANAO"	9.457	125.935	50	5.5									1				2								1				2
	2011	3	9	2	45	20.3	5412		"JAPAN:  HONSHU:  E COAST"	38.435	142.842	32	7.5																									
	2011	3	10	4	58	16			"CHINA:  YUNNAN PROVINCE:  PINGYUAN"	24.719	97.969	26	5.5		25	1			250	3		3	1039	4	12528		25	1			250	3		3	1039	4	12528	4
	2011	3	11	5	46	24.1	5413		"JAPAN:  HONSHU"	38.297	142.372	30	9.1		1475	4			6157	4	4401.709	4	2473	4	5618	4	18428	4			6167	4	220136.6	4	123661	4	280920	4
	2011	3	11	6	15	40.2			"JAPAN:  NEAR E COAST HONSHU"	36.281	141.111	43	7.9																									
	2011	3	11	6	25	50.3			"JAPAN:  OFF EAST COAST HONSHU"	38.058	144.59	19	7.6																									
	2011	3	24	13	55	12			"MYANMAR:  TACHILEK"	20.687	99.822	8	6.8		104	3			123	3	3.6	2			10104	4	104	3			123	3	3.6	2			10104	4
	2011	4	4	11	31	43			"NEPAL-INDIA:  UTTARAKHAND, UTTAR PRADESH"	29.698	80.754	26	5.4									1												1				
	2011	4	7	14	32	43.2	5429		"JAPAN: NEAR E COAST HONSHU"	38.276	141.588	42	7.1		3	1			132	3		1					3	1			132	3		1				
	2011	4	10	9	2	47.3			"CHINA:  SICHUAN PROVINCE:  LUHUO"	31.373	100.757	43	5.1									1				1								1		1		
	2011	4	11	8	16	12.7			"JAPAN:  HONSHU"	37.001	140.401	11	6.6		7	1						1	3	1			7	1						1	3	1		
	2011	4	24	23	7	51.4			"INDONESIA:   SULAWESI:  KENDARI"	-4.586	122.771	8	6.1						14	1		2		2							14	1		2		2		
	2011	5	10	8	55	9	5721		"NEW CALEDONIA:  LOYALTY ISLANDS"	-20.244	168.226	11	6.8	2																								
	2011	5	11	16	47	25.7			"SPAIN:  LORCA"	37.699	-1.672	1	5.1		10	1				3		1		1		1	10	1				3		1		1		
	2011	5	19	21	12	51			"TURKEY:  SIMAV"	39.12	29.04	7	4.3		2	1			125	3		1				2	2	1			125	3		1				2
	2011	6	8	1	53	26			"CHINA:  XINJIANG PROVINCE:  DABANCHENG"	43.015	88.247	21	5.3						8	1		1			50	1					8	1		1			50	1
	2011	6	13	2	20	49.3			"NEW ZEALAND:  SOUTH ISLAND:  CANTERBURY"	-43.564	172.743	6	6		1	1			45	1	3000	4	100	2			1	1			45	1	3000	4	100	2		
	2011	6	20	10	16	55.2			"CHINA:  YUNNAN PROVINCE:  BAOSHAN"	25.075	98.721	39	5.3						4	1		2									4	1		2				
	2011	6	24	3	9	39.4	5432		"ALASKA: ALEUTIAN ISLANDS: FOX ISLANDS"	52.05	-171.836	52	7.3																									
	2011	6	26	7	48	16.7			"CHINA:  QINGHAI PROVINCE"	32.447	95.948	29	5.3									1	10	1		3								1	10	1		3
	2011	7	6	19	3	18.2	5430		"NEW ZEALAND: KERMADEC ISLANDS"	-29.539	-176.34	17	7.6																									
	2011	7	10	0	57	10.8	5431		"JAPAN:  HONSHU:  E COAST"	38.034	143.264	23	7																									
	2011	7	19	19	35	43.4			"UZBEKISTAN:  FARGONA, VIOLYATI"	40.081	71.41	20	6.1		14	1			86	2		1		2			14	1			86	2		1		2		
	2011	8	9	11	50	22.2			"CHINA: YUNNAN PROVINCE: BAOSHAN"	24.932	98.73	40	5									3			22823	4					3	1		3			22823	4
	2011	8	11	10	6	29.3			"CHINA:  XINJIANG PROVINCE:  SOUTHERN, KASHI"	39.955	77.028	10	5.7						21	1		2									21	1		2				
	2011	8	20	16	55	2.8	5437		"VANUATU ISLANDS"	-18.365	168.143	32	7.1																									
	2011	8	20	18	19	23.5	5436		"VANUATU ISLANDS"	-18.311	168.218	28	7																									
	2011	8	23	5	46	18.2			"COLORADO:  SEGUNDO"	37.063	-104.701	4	5.4	7								2												2				
	2011	8	23	17	51	4.5			"VIRGINIA:  LOUISA COUNTY, MARYLAND, WASHINGTON D.C."	37.936	-77.933	6	5.8	7							200	4			600	3							200	4			600	3
	2011	9	2	10	55	53.5	5438		"ALASKA:  ALEUTIAN ISLANDS:  FOX ISLANDS"	52.171	-171.708	32	6.8																									
	2011	9	5	17	55	11.2			"INDONESIA:  SUMATRA"	2.965	97.893	91	6.7		10	1						1				2	10	1						1				2
	2011	9	7	17	58	18.7			"INDIA:  DELHI"	28.724	77.189	10	4.3						1	1											1	1		1				
	2011	9	18	12	40	51.8			"INDIA:  SIKKIM"	27.73	88.155	50	6.9		111	3			177	3	22.3	3	6000	4	6000	4	111	3			177	3	22.3	3		4	6000	4
	2011	9	19	18	33	55.8			"GUATEMALA:  CUILAPA SANTA ROSA"	14.186	-90.238	9	5.6		1	1						1					1	1						1				
	2011	10	20	17	18	34.1			"INDIA:  GUJARAT"	21.211	70.533	10	5						34	1		3			3000	4					34	1		3			3000	4
	2011	10	21	17	57	16.1	5439		"KERMADEC ISLANDS"	-28.993	-176.238	33	7.4																									
	2011	10	23	10	41	22.9			"TURKEY:  ERCIS, VAN"	38.722	43.513	16	7.1		604	3			2608	4	1500	4	5739	4	4882	4	604	3			2608	4	1500	4	5739	4	4882	4
	2011	10	28	18	54	34			"PERU:  SAN VICENTE DE CANETE"	-14.438	-75.966	24	6.9		1	1			103	3		2	134	3			1	1			103	2		2	134	3		
	2011	10	29	0	43	55.1			"INDIA:  SIKKIM"	27.449	88.684	10	3.5		2	1											2	1										
	2011	10	29	13	50	49			"ECUADOR:  POMASQUI"	-0.13	-78.37	3	4									1				2								1				2
	2011	11	1	0	21	28			"CHINA:  XINJIANG PROVINCE"	43.648	82.437	28	5.6								10.5	3	2453	4		3							10.5	3	2453	2		3
	2011	11	6	3	53	10			"OKLAHOMA:  SPARKS"	35.532	-96.765	5	5.7	8					2	1		2	14	1		3					2	1		2	14	1		3
	2011	11	7	9	43	15.9			"PHILIPPINES:  MINDANAO:  BUKIDNON PROVINCE"	7.904	125.185	46	5						31	1		1			23	1					31	1		1			23	1
	2011	11	8	2	46	57			"OKLAHOMA:  SPARKS, PRAGUE"	35.531	-96.788	5	5									1				2								1				2
	2011	11	9	19	23	33.2			"TURKEY:  VAN"	38.429	43.229	5	5.7		40	1						1		1			40	1						1		1		
	2011	11	21	3	15	42.2			"INDIA:  ASSAM"	24.955	95.236	114	5.8									1												1				
	2011	11	24	21	13	15.6			"EL SALVADOR-GUATEMALA"	13.297	-87.898	43	5.1									1			80	2								1			80	2
	2011	12	1	12	48	17.7			"CHINA:  XINJIANG PROVINCE:  SOUTHERN, KASHI"	38.31	76.888	32	5.3									2			300	3								2			300	3
	2011	12	3	6	19	10.4			"NEW ZEALAND:  COOK STRAIT"	-41.364	174.315	56	5.3									1				2								1				2
	2011	12	11	1	47	25.9			"MEXICO:  GUERRERO"	17.844	-99.963	54	6.4		2	1			5	1		2			70	2	2	1			5	1		2			70	2
	2011	12	23	0	58	38.3			"NEW ZEALAND:  SOUTH ISLAND:  CHRISTCHURCH"	-43.49	172.8	10	5.8						60	2		1				1					60	2		1				1
	2011	12	27	15	21	56.8			"RUSSIA:  KYZYL"	51.842	95.911	15	6.7									2				3								2				3
	2012	1	19	12	35	51.3			"IRAN:  KHORASAN-E-RAZAVI"	36.288	58.835	8	5.3						238	3		1				2					238	3		1				2
	2012	1	30	5	11	0.9			"PERU:  ICA"	-14.168	-75.635	43	6.4						119	3		1				1					119	3		1				1
	2012	2	2	13	34	40.6	5442		"VANUATU ISLANDS"	-17.827	167.133	23	7																									
	2012	2	6	3	49	12.5			"PHILIPPINES:  NEGROS ORIENTAL PROVINCE"	9.999	123.206	11	6.7		51	2	62	2	112	3	9	3	15000	4			51	2	62	2	112	3	9	3	15000	4		
	2012	2	26	2	35	0.5			"TAIWAN:  PINGTUNG"	22.661	120.891	28	5.9									1												1				
	2012	2	27	18	48	55.3			"IRAN:  RAVAR"	31.428	56.778	10	5.2						6	1		1				2					6	1		1				2
	2012	3	5	23	6	30.8			"PHILIPPINES:  MASBATE ISLAND"	12.354	123.7	37	5.6						10	1		1	1	1		2					10	1		1	1	1		2
	2012	3	8	22	50	8.4			"CHINA: XINJIANG"	39.383	81.307	38	5.9						36641	4	84	4				3					36641	4	84	4				3
	2012	3	9	7	9	50.9	5706		"VANUATU ISLANDS"	-19.125	169.613	16	6.7																									
	2012	3	14	9	8	35.1	5446		"JAPAN:  HOKKAIDO"	40.887	144.944	12	6.9																									
	2012	3	16	7	58	2.5			"PHILIPPINES:  SURIGAO"	10.037	125.633	18	5.8						55	2		1	4	1		1					55	2		1	4	1		1
	2012	3	20	18	2	47.4	5447		"MEXICO:  GUERRERO, OAXACA"	16.493	-98.231	20	7.4	8	2	1			13	1	600	4	800	3			2	1			13	1	600	4	800	3		
	2012	3	25	22	37	6			"CHILE:  PARRAL, SANTIAGO"	-35.2	-72.217	41	7.2		1	1			14	1		1				2	1	1			14	1		1				2
	2012	4	11	8	38	36.7	5449		"INDONESIA:  N SUMATRA:  OFF WEST COAST"	2.327	93.063	20	8.6		10	1			12	1		1				2	10	1			12	1		1				2
	2012	4	11	10	43	10.8	5450		"INDONESIA:  N SUMATRA:  OFF WEST COAST"	0.802	92.463	25	8.2																									
	2012	4	14	22	5	26.4	5451		"VANUATU ISLANDS"	-18.972	168.741	11	6.3																									
	2012	4	17	3	50	15.6			"CHILE:  VALPARAISO"	-32.625	-71.365	29	6.7		2	1						1				2	2	1						1				2
	2012	5	3	10	9	35.6			"IRAN:  MOURMOURI, ABDANAN, DEHLORAN"	32.747	47.726	10	5.4						8	1		2				3					8	1		2				3
	2012	5	7	4	40	27.7			"AZERBAIJAN:  ZAGATALA"	41.549	46.789	11	5.7						50	1		3	3100	4		1					50	1		3	3100	4		1
	2012	5	11	12	41	35.3			"INDIA:  ASSAM:  KAMRUP, GUWAHATI"	26.175	92.889	43	5.4						2	1		1				2					2	1		1				2
	2012	5	12	23	48	43.5			"TAJIKISTAN"	38.612	70.354	10	5.7		1	1						2		3			1	1						2		3		
	2012	5	14	10	0	40.2			"CHILE:  ARICA; PERU:  TACNA"	-17.678	-69.591	10	6.3									1												1				
	2012	5	19	13	41	21.2			"BRAZIL:  MONTES CLAROS"	-16.764	-43.999	10	4.1									1			6	1								1			6	1
	2012	5	20	2	3	52			"ITALY:  EMILIA ROMAGNA:  MIRANDOLA"	44.89	11.23	6	6.1		7	1				1		4				3	7	1			50	1		4				3
	2012	5	20	13	18	2			"ITALY:  SANT'AGOSTINO"	44.831	11.49	5	5.1									1												1				
	2012	5	22	0	0	32.7			"BULGARIA: PERNIK"	42.645	22.968	10	5.6	7								2			90	2								2			90	2
	2012	5	29	7	0	3			"ITALY:  EMILIA ROMAGNA:  MEDOLLA, MIRANDOLA, CAVEZZO"	44.851	11.086	10	5.9		17	1			350	3	15800	4					17	1			350	3	15800	4				
	2012	6	4	11	18	13.4			"INDONESIA:  JAVA"	-7.692	106.371	50	5.8						2	1		1			23	1					2	1		1			23	1
	2012	6	10	12	44	16.5			"TURKEY:  FETHIYE; GREECE:  RHODES"	36.42	28.88	35	6.1						6	1		1				2					6	1		1				2
	2012	6	11	5	29	11.5			"AFGHANISTAN:  HINDU KUSH"	36.023	69.351	16	5.8		75	2			13	1		2	143	3	593	3	75	2			13	1		2	143	3	593	3
	2012	6	14	5	52	53.6			"TURKEY:  SIRNAK"	37.294	42.325	5	5.3						23	1		1			25	1					23	1		1			25	1
	2012	6	24	7	59	34.8			"CHINA:  YUNNAN AND SICHUAN PROVINCES"	27.767	100.781	10	5.5		4	1			394	3		4	6768	4			4	1			394	3		4	6768	4		
	2012	6	29	21	7	33.8			"CHINA:  XINJIANG PROVINCE"	43.433	84.7	18	6.3						52	2	68	4			30000	4					52	2	68	4			30000	4
	2012	7	20	12	11	52			"CHINA:  JIANGSU PROVINCE"	32.978	119.593	10	4.9		1	1			2	1		1					1	1			2	1		1				
	2012	7	25	0	27	45.2			"INDONESIA: BANDA ACEH"	2.707	96.045	22	6.5		1	1						1			20	1	1	1						1			20	1
	2012	7	25	11	20	27			"SOLOMON ISLANDS: GUADALCANAL"	-9.694	159.727	20	6.4									1	26	1										1	26	1		
	2012	8	11	12	23	18.1			"IRAN:  AHAR, HARIS, VARZAGAN"	38.329	46.826	11	6.5		306	3			3000	4	599	4		4		4	306	3			3000	4	599	4		4		4
	2012	8	14	2	59	38.4			"RUSSIA:  SAKHALIN ISLAND"	49.8	145.064	583	7.7																									
	2012	8	18	9	41	52.4			"INDONESIA:  SULAWESI:  SIGI, PARIGI MOUNTONG"	-1.315	120.096	10	6.3		6	1			43	1		4	471	3	1097	4	6	1			43	1		4	471	3	1097	4
	2012	8	27	4	37	19.4	5462		"NICARAGUA:  OFF THE COAST"	12.139	-88.59	28	7.3																									
	2012	8	31	12	47	33.3	5463		"PHILIPPINES:  CAGAYAN DE ORO, TACLOBAN"	10.811	126.638	28	7.6		1	1			1	1	0.3	1		1			1	1			1	1	0.3	1		1		
	2012	9	5	14	42	7.8	5464		"COSTA RICA:  NICOYA"	10.085	-85.315	35	7.6		2	1			20	1		1		2			2	1			20	1		1		2		
	2012	9	7	3	19	42.5			"CHINA: YUNNAN PROVINCE:  ZHAOTONG:  YILIANG"	27.575	103.983	10	5.6		81	2			821	3	1000	4	37000	4	133000	4	81	2			821	3	1000	4	37000	4	133000	4
	2012	10	18	2	33	27.9			"INDIA:  DEURALA, JAISINGHNAGAR, KOTMA, SARAI, UMARIA"	23.739	81.314	10	5									1		2	1	1								1		2	1	1
	2012	10	28	3	4	8.9	5467		"CANADA:  QUEEN CHARLOTTE ISLANDS"	52.788	-132.101	14	7.7									1				1	1	1						1				1
	2012	11	7	16	35	46.9	5468		"GUATEMALA:  SAN MARCOS, SAN CRISTOBAL COCHU"	13.988	-91.895	24	7.3		48	2			155	3	210	4	2769	4	7561	4	48	2			155	3	210	4	2769	4	7561	4
	2012	11	11	1	12	38.8			"MYANMAR (BURMA):  SHWEBO"	23.005	95.885	14	6.8		26	1			230	3		2	251	3			26	1			230	3		2	251	3		
	2012	11	26	5	33	48.8			"CHINA:  XINJIANG PROVINCE:  RUOQIANG"	40.411	90.355	10	5.1									1				2								1				2
	2012	12	5	17	8	13.5			"IRAN:  KHORASAN PROVINCE"	33.506	59.571	14	5.7		8	1			12	1		1				1	8	1			12	1		1				1
	2012	12	7	8	18	23.1	5469		"JAPAN:  HONSHU:  MIYAGI PREFECTURE"	37.89	143.949	31	7.2						11	1											11	1						
	2013	1	5	8	58	19.3	5472		"ALASKA:  SOUTHEASTERN"	55.393	-134.652	10	7.5																					1				
	2013	1	21	22	22	52.7			"INDONESIA:  SUMATERA:  N"	4.927	95.907	12	6.1		1	1			15	1		1			71	2	1	1			15	1		1			71	2
	2013	2	6	1	12	25.8	5476		"SOLOMON ISLANDS:  SANTA CRUZ ISLANDS"	-10.799	165.114	24	7.9	8								2					10	1			15	1	36	4	588	3	478	3
	2013	2	8	15	26	38.4	5477		"SOLOMON ISLANDS:  SANTA CRUZ ISLANDS"	-10.928	166.018	21	7																									
	2013	2	9	14	16	7.8			"COLOMBIA:  CAUCA, NARINO, VALLE DEL CAUCA, RISARALDA"	1.135	-77.393	145	7						15	1		2	100	2	1900	4					15	1		2	100	2	1900	4
	2013	2	15	3	20	26			"RUSSIA:  CHELYABINSK (METEOR EXPLOSION)"	55.15	61.41		4.2						1000	3		3			4000	4					1000	3		3			4000	4
	2013	2	19	2	47	1.2			"CHINA:  YUNNAN PROVINCE:  QIAOJIA"	27.226	103.071	10	4.9						8	1		2	72	2	949	3					8	1		2	72	2	949	3
	2013	2	22	21	1	47.2			"PERU:  S"	-15.748	-71.425	8	5.3									1			80	2								1			80	2
	2013	3	3	5	41	16.9			"CHINA:  YUNNAN PROVINCE"	25.98	99.812	8	5.4						30	1		3	700	3	2500	4					30	1		3	700	3	2500	4
	2013	3	11	3	1	37.4			"CHINA:  XINJIAN PROVINCE:  S"	40.119	77.466	10	5.1									2	864	3										2	864	3		
	2013	3	27	2	3	19.8			"TAIWAN:  NANTOU COUNTY, TAIPEI"	23.828	121.215	19	6		1	1			86	2	1.128	2				3	1	1			86	2	1.128	2				3
	2013	4	9	11	52	49.9			"IRAN:  BUSHEHR PROVINCE:  SHANBE, KAKI, SENA"	28.428	51.593	12	6.3		37	1			850	3	297	4		3	700	3	37	1			850	3	297	4		3	700	3
	2013	4	10	19	14	2			"HONDURAS: ATLANTIDA"	15.52	-87.159	4	5.4									1	12	1	66	2								1	12	1	66	2
	2013	4	12	20	33	17.5			"JAPAN"	34.369	134.828	14	5.8						24	1		1				1					24	1		1				1
	2013	4	16	10	44	20.1			"IRAN; PAKISTAN:  MASHKAL"	28.033	61.996	80	7.7		40	1			300	3		3			1000	3	40	1			300	3		3			1000	3
	2013	4	17	8	57	33.9			"JAPAN: MIYAKEJIMA"	33.958	139.352	9	5.8						3	1		1				2					3	1		1				2
	2013	4	18	0	50	38.5			"TEXAS:  WEST"	31.817	-97.088	0	2.1		14	1			200	3	100	4	50	1			14	1			200	3	100	4	50	1		
	2013	4	19	3	5	52.6	5479		"RUSSIA:  KURIL ISLANDS"	46.221	150.788	110	7.2																									
	2013	4	20	0	2	47.5			"CHINA:  SICHUAN PROVINCE:  LONGMEN"	30.308	102.888	14	6.6		196	3	21	1	11470	4	6800	4		3		3	196	3	21	1	11470	4	6800	4		3		3
	2013	4	22	1	16	32	5752		"MEXICO:  MICHOACAN: LAZARO CARDENAS"	18.081	-102.182	30	6	6																								
	2013	4	24	9	25	30			"AFGHANISTAN:  KAMA"	34.526	70.22	64	5.5		18	1			141	3		2			676	3	18	1			141	3		2			676	3
	2013	5	1	6	57	13.4			"INDIA:  KASHMIR:  DODA, KISHTWAR, RAMBAN"	33.061	75.863	15	5.7		3	1			90	2	19.5	3	1136	4	95532	4	3	1			90	2	19.5	3	1136	4	95532	4
	2013	5	11	2	8	8.5			"IRAN:  HORMOZGAN: BASHAGARD"	26.56	57.77	15	6.1		2	1			20	1		2				3	2	1			20	1		2				3
	2013	5	19	9	7	26.5			"ALGERIA:  ALGIERS"	36.703	5.261	7	4.9						5	1		1				2					5	1		1				2
	2013	5	24	5	44	48.9			"RUSSIA:  SEVERO KURILSKIYE"	54.892	153.221	598	8.3																									
	2013	6	1	14	10	6.7			"PHILIPPINES:  N. COTABATO:  KIMADZIL, KIBUGTONGAN"	7.275	124.898	10	5.7						33	1		1			164	3					33	1		1			164	3
	2013	6	2	5	43	3.4			"TAIWAN:  JENAI"	23.789	121.141	17	6.3		4	1			21	1		1					4	1			21	1		1				
	2013	6	15	16	11	2	5793		"GREECE:  CRETE"	34.4	25.02	10	6.2	3																								
	2013	6	18	23	2	9.8			"RUSSIA:  KEMEROVO"	54.263	86.173	10	5.3									1			500	3								1			500	3
	2013	6	22	5	42	39.8			"INDONESIA:  LOMBOK ISLAND"	-8.305	116.058	47	5.1						50	1		3	5370	3	1700	4					50	1		3	5370	4	1700	4
	2013	7	2	7	37	2.6			"INDONESIA:  BANDA ACEH"	4.645	96.665	13	6.1		48	1			2532	4	113	4	20401	4			48	1			2532	4	113	4	20401	4		
	2013	7	8	2	13	40.6			"INDONESIA:  JAVA"	-8.803	113.002	60	5.7						1	1		1	124	3							1	1		1	124	3		
	2013	7	17	3	0	56.5			"ALGERIA:  HAMMAM MELOUANE"	36.534	3.086	10	4.8						11	1		1				3					11	1		1				3
	2013	7	21	5	9	31.4	5491		"NEW ZEALAND:  COOK STRAIT"	-41.704	174.337	17	6.5						5	1		1			35	1					5	1		1			35	1
	2013	7	21	23	45	56.6			"CHINA:   GANSU:  DINGXI, MIN"	34.512	104.262	8	6		94	2	5	1	1001	4	466	4	1968	4	22496	4	94	2	5	1	1001	4	466	4	1968	4	22496	4
	2013	8	2	21	37	7			"INDIA:  KASHMIR:  KISHTWAR"	33.297	75.95	42	5.2	3					2	1		2				3					2	1		2				3
	2013	8	7	9	6	2			"GREECE:  CENTRAL:   PHTHIOTIS, REGGINI"	38.689	22.695	0	5.5									2	100	2										2	100	2		
	2013	8	11	21	23	31			"CHINA:  TIBET (XIZANG PROVINCE): QAMDO"	30.046	97.957	6	5.7									2				1								2				1
	2013	8	16	2	31	47	5519		"NEW ZEALAND:  WELLINGTON, MARLBOROUGH"	-41.731	174.027	12	6.5	6						2		2		2		2						2		2		2		2
	2013	8	21	12	38	7			"MEXICO:  SAN MARCOS, ACAPULCO"	16.878	-99.498	21	6.2	8					1	1		1				1					1	1		1				1
	2013	8	27	20	44	36			"CHINA:  YUNNAN PROVINCE: SHANGRI-LA"	28.239	99.328	10	5.2									1	36	1	36	1								1	36	1	36	1
	2013	8	31	0	5	15			"CHINA:  YUNNAN PROVINCE:  BENZILAN"	28.243	99.35	8	5.8		5	1			24	1		3	600	3	55500	4	5	1			24	1		3	600	3	55500	4
	2013	9	7	0	13	57			"GUATEMALA:  COATEPEQUE, QUETZALTENANGO"	14.606	-92.121	66	6.4	7	1	1			11	1		1	3	1			1	1			11	1		1	3	1		
	2013	9	24	11	30	37	5506		"PAKISTAN:  AWARAN, KECH"	26.951	65.501	15	7.7	4	825	3			619	3		4	32638	4	14118	4	825	3			619	3		4	32638	4	14118	4
	2013	9	25	16	42	0			"PERU:  AREQUIPA"	-16.15	-74.87	31	7.1	6								1		1										1		1		
	2013	9	28	7	34	45			"PAKISTAN: AWARAN"	27.183	65.505	12	6.8		22	1			50	1				2		2	22	1			50	1				2		2
	2013	10	12	13	11	35	5794		"GREECE:  CRETE:  CHANIA"	35.514	23.252	40	6.6	7					1	1		1				1					1	1		1				1
	2013	10	15	0	12	5			"PHILIPPINES:  BOHOL, CEBU, SIQUIJOR IS"	9.88	124.117	19	7.1	7	222	3	8	1	976	3	51.8	4		4		4	222	3	8	1	976	3	51.8	4		4		4
	2013	10	22	5	40	1			"INDONESIA:  BANDA ACEH"	5.103	95.971	10	5.5	5	1	1			2	1		1			160	3	1	1			2	1		1			160	3
	2013	10	25	17	10	0	5533		"JAPAN:  HONSHU:  E COAST"	37.2	144.6	10	7.1	4					1	1											1	1						
	2013	11	10	5	16	36			"TAJIKISTAN:  VAHDAT"	38.41	68.89	23	5.2	4								2	104	3	256	3								2	104	3	256	3
	2013	11	17	9	4	53	5534		"SCOTIA SEA:  SOUTH ORKNEY ISLANDS"	-60.274	-46.401	10	7.7																									
	2013	11	22	22	4	4			"CHINA:  JILIN PROVINCE:  SONGYUAN"	44.599	124.168	10	5.3									2			5300	4								2			5300	4
	2013	11	28	13	51	51			"IRAN:  BORAZJAN"	29.275	51.313	4	5.7	4	8	1			200	3		2	250	3		1	8	1			200	3		2	250	3		1
	2014	1	2	3	13	57			"IRAN:  BASTAK"	27.15	54.448	8	5.3		1	1			30	1		1				3	1	1			30	1		1				3
	2014	1	5	3	36	59			"COLOMBIA:  SIPI"	4.557	-76.644	54	5.6	5								2			121	3								2			121	3
	2014	1	13	4	1	24			"PUERTO RICO"	19.043	-66.81	20	6.4	5								1												1				
	2014	1	20	2	52	35			"NEW ZEALAND: WELLINGTON, MANAWATU-WANGANUI"	-40.66	175.814	28	6.1	7								1				1								1				1
	2014	1	25	5	14	51			"INDONESIA:  JAVA:  BANYUMAS"	-7.986	109.265	66	6.1	5								1	1	1		2								1	1	1		2
	2014	1	26	13	55	21			"GREECE:  KEFALONIA"	38.208	20.453	8	6.1	7					6	1	178	4				1					6	1	178	4				1
	2014	2	2	14	26	51			"IRAN:  GOHARAN"	26.589	57.741	10	5.3									1				3								1				3
	2014	2	3	3	8	29			"GREECE:  KEFALONIA:  LIXOURION"	38.244	20.379	4	6	3					16	1		1				1					16	1		1				1
	2014	2	9	2	16	49			"OKLAHOMA:  GUTHRIE"	35.937	-97.271	5	4.1	4								1												1				
	2014	2	12	9	19	6			"CHINA:  XINJIANG PROVINCE:  YUTIAN"	35.905	82.586	10	6.9									3	67	2	1001	4								3	67	2	1001	4
	2014	2	26	0	1	29			"AUSTRALIA:  KALGOORLIE"	-30.686	121.332	1	4.5									1												1				
	2014	3	13	17	7	17			"JAPAN:  SOUTHWESTERN"	33.684	131.825	79	6.3	5					18	1		1									18	1		1				
	2014	3	16	21	16	0	5555		"CHILE:  IQUIQUE"	-19.965	-70.814	21	6.7	6								1												1				
	2014	3	29	4	10	12			"CALIFORNIA:  LA HABRA, BREA, FULLERTON"	33.863	-117.835	4	5.1	6						1	10.8	3			20	1						1	10.8	3			20	1
	2014	4	1	23	46	26	5557		"CHILE:  NORTHERN:  IQUIQUE, ALTO HOSPICIO"	-19.61	-70.769	25	8.2	8	7	1					100	4			2600	4	7	1					100	4			2600	4
	2014	4	3	2	43	11	5558		"CHILE:  NORTHERN:  IQUIQUE"	-20.571	-70.493	22	7.7	8																								
	2014	4	4	22	40	44			"CHINA:  YUNNAN PROVINCE:  XILUODU"	28.174	103.619	25	5.4						21	1		2	75	2	2700	4					21	1		2	75	2	2700	4
	2014	4	10	23	27	6			"NICARAGUA:  NAGAROTE, MANAGUA"	12.403	-86.378	13	6.1		2	1			250	3	3	2	168	3	2210	4	2	1			250	3	3	2	168	3	2210	4
	2014	4	11	7	7	13			"PAPUA NEW GUINEA:  BOUGAINVILLE ISLAND"	-6.586	155.049	61	7.1		1	1						1	51	2			1	1						1	51	2		
	2014	4	12	20	14	3	5559		"SOLOMON ISLANDS"	-11.27	162.148	23	7.6																									
	2014	4	13	12	36	23	5560		"SOLOMON ISLANDS"	-11.463	162.051	39	7.4																									
	2014	4	14	5	7	12			"NICARAGUA:  MANAGUA, CIUDAD SANDINO"	12.151	-86.281	10	5.2							1		1	7	1								1		1	7	1		
	2014	4	18	14	28	32	5563		"MEXICO:  GUERRERO; MEXICO CITY"	17.397	-100.972	24	7.2	6								1			127	2								1			127	2
	2014	4	19	13	29	21	5564		"PAPUA NEW GUINEA:  SOLOMON SEA"	-6.755	155.024	43	7.5																									
	2014	5	5	11	8	42			"THAILAND:  CHIANG RAI"	19.656	99.67	6	6.1	5	1	1			32	1	62	4	20	1		3	1	1			32	1	62	4	20	1		3
	2014	5	8	17	1	21			"MEXICO:  TECPAN"	17.235	-100.746	17	6.4	5								1				1								1				1
	2014	5	8	22	52	23			"PAKISTAN:  NAWABSHAH"	26.387	68.358	15	4.5		2	1			70	2		1		2			2	1			70	2		1		2		
	2014	5	17	16	46	4			"GERMANY:  HESSE"	49.799	8.69	5	3.6	4							1.36	2			70	2							1.36	2			70	2
	2014	5	19	0	59	6			"ALBANIA:  BELSH"	41.115	19.777	10	5	4								1				1								1				1
	2014	5	24	9	25	5	5790		"GREECE, TURKEY"	40.24	25.33	23	6.9	7	3	1			310	3	450	4		1		2	3	1			310	3	4500	4		1		2
	2014	5	30	1	20	17			"CHINA:  YUNNAN PROVINCE:  YINGJIANG"	25	97.845	10	5.9						45	1		4	3390	4	18000	4					45	1		4	3390	4	18000	4
	2014	6	23	19	20	34	5572		"KERMADEC ISLANDS: SSE OF RAOUL ISLAND"	-29.977	-177.725	20	6.9																									
	2014	6	23	20	53	7	5571		"ALASKA:  ALEUTIAN ISLANDS"	51.849	178.735	109	7.9																									
	2014	7	7	11	23	7			"MEXICO; GUATEMALA:  SAN MARCOS"	14.728	-92.578	67	6.9	5	3	1			33	1		1		1	50	1	3	1			33	1		1		1	50	1
	2014	7	11	19	23	22	5574		"JAPAN:  SANRIKU"	37.005	142.453	20	6.5	5					3	1											3	1						
	2014	7	15	9	8	56			"OKLAHOMA:  HARRAH"	35.524	-97.146	5	3.9	5								2				2								2				2
	2014	7	25	10	55	12	5575		"ALASKA:  SOUTHEASTERN"	58.306	-136.96	10	6.1	4																								
	2014	7	29	10	46	7			"MEXICO:  OAXACA"	17.682	-95.653	107	6.3	5	1	1			1	1		2				2	1	1			1	1		2				2
	2014	8	1	4	11	4			"ALGERIA:  ALGIERS"	36.841	3.301	30	5.5	6	6	1			420	3							6	1			420	3						
	2014	8	3	8	30	57			"CHINA:  YUNNAN:  LUDIAN:   LONGTOUSHAN, ZHAOTONG"	27.189	103.409	12	6.2		615	3	114	3	3143	4		3	25800	4	160400	4	615	3	114	3	3143	4		3	25800	4	160400	4
	2014	8	5	10	23	38			"SOUTH AFRICA:  ORKNEY"	-26.99	26.705	5	5.5	6	1	1			17	1		2	13	1	1433	4	1	1			17	1		2	13	1	1433	4
	2014	8	12	19	58	13			"ECUADOR:  QUITO"	-0.018	-78.322	12	5.1	5	2	1			8	1		1			89	2	2	1			8	1		1			89	2
	2014	8	16	22	8	4			"CHINA:  YUNNAN PROVINCE:  YONGSHAN"	28.125	103.546	10	5	2					6	1		1			337	3					6	1		1			337	3
	2014	8	18	2	32	2			"IRAN:  ILAM PROVINCE:  ABDANAN"	32.663	47.673	6	6.2	3					330	2		1	2700	4	17000	4					330	2		4	2700	4	17000	4
	2014	8	24	10	20	6			"CALIFORNIA:  NAPA, VALLEJO"	38.216	-122.312	11	6.1	8	1	1			257	3	700	4	160	3	1034	4	1	1			257	3	700	4	160	3	1034	4
	2014	9	20	4	26	52			"PHILIPPINES:  BARANGAY LUAYON"	6.864	125.233	26	5.2	5					1	1		1	15	1	67	2					1	1		1	15	1	67	2
	2014	9	28	2	35	19			"PERU:  PARURO PROVINCE"	-13.843	-71.695	10	5.1	7	8	1			6	1		1	106	3		3	8	1			6	1		1	106	3		3
	2014	10	7	13	50	12			"CHINA:   YUNNAN PROVINCE:  YONGPING"	23.383	100.47	9	6.1		1	1			323	3		1		1			1	1			323	3		1		1		
	2014	10	9	2	14	44	5577		"CHILE: EASTER ISLAND REGION"	-32.108	-110.811	17	7																									
	2014	10	14	3	51	46	5607		"EL SALVADOR:  GULF OF FONSECA"	12.526	-88.123	40	7.3	7	1	1						1	5	1	41	1	1	1						1	5	1	41	1
	2014	11	15	2	32	12	5578		"INDONESIA:  N. MOLUCCAS ISLANDS"	1.893	126.522	45	7.1	5																								
	2014	11	22	8	55	58			"CHINA:  SICHUAN PROVINCE:  GARZE"	30.34	101.737	9	5.9	3	5	1			65	2		3	30	1	27400	4	5	1			65	2		3	30	1	27400	4
	2014	11	22	13	8	42			"JAPAN:  NAGANO:  HAKUBA, OTARI"	36.641	137.888	9	6.2	9					45	1		1	50	1		2					45	1		1	50	1		2
	2014	12	6	10	20	52			"CHINA:  YUNNAN PROVINCE:  YONGPING"	23.358	100.533	10	5.6		1	1			15	1		2	434	3	17000	4	1	1			15	1		2	434	3	17000	4
	2014	12	23	8	0	8			"ALGERIA:  BLIDA"	36.492	3.025	7	4.9							1		1				1						1		1				1
	2015	1	14	5	22	23			"CHINA:  SICHUAN PROVINCE:  LESHAN"	29.353	103.199	10	5.3	6					11	1		2			2000	4					11	1		2			2000	4
	2015	2	16	23	6	27	5580		"JAPAN:  HONSHU"	39.856	142.881	23	6.7	4																								
	2015	2	19	13	19	21	5582		"VANUATU ISLANDS"	-16.431	168.148	10	6.4	5								1				1								1				1
	2015	2	20	22	37	28			"CHINA:  YUNNAN PROVINCE"	23.01	101.755	10	4.5									1			276	3								1			276	3
	2015	2	21	21	21	8			"BALKANS NW:  BOSNIA-HERZEGOVINA:"	44.534	18.934	7	3.6		4	1			1	1							4	1			1	1						
	2015	2	22	6	43	14			"CHINA:  XINJIANG PROVINCE:  SHAWAN"	44.133	85.568	12	5.1								14.65	3			1728	4							14.65	3			1728	4
	2015	2	26	21	59	14			"PAKISTAN:  BATTAGRAM"	34.671	73.278	30	5.4	4					5	1		1			2	1					5	1		1			2	1
	2015	2	28	20	10	56			"PERU:  AREQUIPA:  CAYLLOMA:  CABANACONDE"	-15.693	-71.934	10	4.5	3								2	64	2	500	3								2	64	2	500	3
	2015	3	1	10	24	5			"CHINA:   YUNNAN PROVINCE:  CANGYUAN, GENGMA"	23.5	98.9	11	5.5						39	1	15	3	220	3	15800	4					39	1	15	3	220	3	15800	4
	2015	3	8	20	47	4			"BALKANS NW: SERBIA:  KOSJERIC"	44.088	19.861	20	4.4	4								1			100	2								1			100	2
	2015	3	10	20	55	2			"COLOMBIA:  ANTIOQUIA, SANTANDER"	6.8	-73.01	184	6.2	5								3	180	3	2167	4								3	180	3	2167	4
	2015	3	14	6	14	38			"CHINA:  ANHUI PROVINCE:  FUYANG"	33.15	115.8	10	4.6		2	1			13	1		2	155	3	11079	4	2	1			13	1		2	155	3	11079	4
	2015	3	29	23	48	1	5581		"PAPUA NEW GUINEA"	-4.729	152.562	41	7.5	6																								
	2015	4	20	1	42	38			"TAIWAN:  TAIPEI"	24.203	122.316	29	6.4	4	1	1			1	1		1			19	1	1	1			1	1		1			19	1
	2015	4	25	6	12	35			"NEPAL:   KATHMANDU; INDIA; CHINA; BANGLADESH"	28.231	84.731	8	7.8	8	8957	4	3	1	24000	4	6000	4	498852	4	256697	4	8957	4	3	1	24000	4	6000	4	498852	4	256697	4
	2015	5	2	16	51	39	5584	7537	"JAPAN:  HONSHU:  S. OF"	31.529	140.213	10	5.7																									
	2015	5	5	1	44	38	5583		"PAPUA NEW GUINEA"	-5.462	151.875	55	7.5									1				1								1				1
	2015	5	12	7	6	13			"NEPAL:   DOLAKHA"	27.809	86.066	15	7.3	7	117	3			2800	4		2		2			117	3			2800	4		2		2		
	2015	5	30	11	23	11			"JAPAN:  BONIN ISLANDS [CHICHIJIMA ISLAND]"	27.839	140.493	664	7.8	6					12	1											12	1						
	2015	6	4	23	16	31			"MALAYSIA:  SABAH:  LAHAD,DATU,KANAK"	5.987	116.541	10	6	6	18	1				2		1			23	1	18	1				2		1			23	1
	2015	6	28	1	5	56			"INDIA:  KOKRAJHAR"	26.638	90.41	26	5.3						2	1						3					2	1		1				3
	2015	7	3	1	7	1			"CHINA:  S. XINJIANG:  HOTAN"	37.6	78.2	10	6.4		3	1			263	3		3	3000	4			3	1			263	3		3	3000	4		
	2015	7	3	6	43	54			"PHILIPPINES:  MINDANAO"	10.169	125.891	32	6.1		1	1											1	1										
	2015	7	10	4	12	54	5589		"SOLOMON ISLANDS"	-9.307	158.403	12	6.7																									
	2015	7	18	2	28	22	5588		"SOLOMON ISLANDS"	-10.401	165.141	11	7	8																								
	2015	7	24	20	59	12			"PAKISTAN:  ABBOTTABAD"	33.856	73.193	17	5.1	5	3	1			1	1		1	3	1			3	1			1	1		1	3	1		
	2015	7	27	4	49	0	5591		"ALASKA"	52.214	-169.399	23	6.9																									
	2015	7	27	21	42	11			"INDONESIA:  PAPUA"	-2.629	138.528	48	7	5	1	1						1	1	1	6	1	1	1						1	1	1	6	1
	2015	7	29	0	11	6			"COLOMBIA-PANAMA:  COLOMBIA:  UNGUIA"	8.231	-77.315	12	5.9	3					6	1		1			45	1					6	1		1			45	1
	2015	8	7	1	25	54			"RWANDA:  BUKAVU"	-2.141	28.897	11	5.8	4	3	1			30	1							3	1			30	1						
	2015	8	9	7	5	38			"EL SALVADOR:  ALEGRIA"	13.668	-88.478	10	4.5	4					4	1		2			92	2					4	1		2			92	2
	2015	9	16	22	55	26	5590		"CHILE:  CENTRAL"	-31.573	-71.674	22	8.3	9	7	1	1	1	14	1	600	4	2305	4	10044	4	15	1	1	1	14	1	600	4	2305	4	10044	4
	2015	9	24	15	53	0			"INDONESIA:  SORONG"	-0.59	131.27	10	6.6	5					62	2		2			260	3					62	2		2			260	3
	2015	10	17	11	33	0			"ARGENTINA:  GALPON"	-25.442	-64.632	33	5.8	7	2	1			30	1		1	15	1			2	1			30	1		1	15	1		
	2015	10	26	9	9	56			"AFGHANISTAN: HINDU KUSH"	36.524	70.368	231	7.5	7	399	3			1770	4	109	4	29230	4	79893	4	399	3			1770	4	109	4	29230	4	79893	4
	2015	11	4	3	44	19			"INDONESIA:  EAST NUSA TENGGARA:  ALOR"	-8.338	124.875	20	6.5	5					3	1	9	3			1468	4					3	1	9	3			1468	4
	2015	11	7	6	58	30			"VENEZUELA:  MERIDA"	8.477	-71.365	14	5.3		1	1						1	33	1	83	2	1	1						1	33	1	83	2
	2015	11	11	1	54	37	5592		"CHILE:  LA SERENA"	-29.439	-72.105	10	6.9	7																								
	2015	11	13	20	51	3	5593		"JAPAN:  KYUSYU ISLAND"	31.001	128.873	12	6.7	4																								
	2015	11	17	7	10	3	5594		"GREECE:  LEFKADA, KEFALONIA, ITHACA"	38.67	20.6	11	6.5		2	1			4	1		2	1	1		2	2	1			4	1		2	1	1		2
	2015	11	17	17	29	29			"KYRGYZSTAN: OSH"	40.376	73.204	18	5.6	5							12	3	222	3	2237	4							12	3	222	3	2237	4
	2015	11	18	18	31	57	5722		"SOLOMON ISLANDS"	-8.899	158.422	13	6.8	4																								
	2015	11	22	20	38	5			"VENEZUELA:  MERIDA"	8.48	-71.42	5	5.1	4	1	1			3	1		1			6	1	1	1			3	1		1			6	1
	2015	11	24	22	45	0			"PERU-BRAZIL"	-10.77	-71.41	636	7.6	4																								
	2015	11	24	22	50	0			"PERU-BRAZIL"	-10.07	-70.98	606	7.6	4																								
	2015	12	7	7	51	35			"TAJIKISTAN"	38.211	72.78	22	7.2	3	2	1				3	5	2	500	3	793	3	2	1				3	5	2	500	3	793	3
	2015	12	17	19	49	5			"MEXICO:  COCOTITLAN"	15.802	-93.633	85	6.6	5	2	1											2	1										
	2015	12	25	19	14	19			"AFGHANISTAN; PAKISTAN"	36.494	71.126	206	6.3	5	4	1			97	2		1		1		1	4	1			97	2		1		1		1
	2016	1	3	23	5	27			"INDIA:  IMPAHL"	24.804	93.651	55	6.7	7	13	1			100	2	75	4				2	13	1			100	2	75	4				2
	2016	1	16	23	22	4			"INDONESIA: MALUKU:  BURU, AMBALAU ISLAND"	-3.873	127.229	4	5.6	3	1	1			22	1		1			230	3	1	1			22	1		1			230	3
	2016	1	24	10	30	56			"ALASKA:  KENAI"	59.658	-153.452	126	7.1	6								1	4	1										1	4	1		
	2016	1	25	4	23	13	5792		"MOROCCO:  MELILLA"	35.649	-3.682	12	6.3	6	1	1			26	1		1		1		1	1	1			26	1		1		1		1
	2016	2	5	19	57	6			"TAIWAN:  TAINAN"	22.97	120.46	10	6.4	7	117	3			525	3	700	4		1		1	117	3			525	3	700	4		1		1
	2016	3	2	12	49	11	5598		"INDONESIA: SUMATRA:"	-4.952	94.33	24	7.8	5																								
	2016	4	10	10	29	12			"AFGHANISTAN:  KHYBER PAKHTUNKHWA"	36.473	71.131	212	6.6	5	6	1			5	1		1			20	1	6	1			5	1		1			20	1
	2016	4	13	13	55	8			"INDIA: ASSAM; BANGLADESH"	23.094	94.865	136	6.9	5	2	1			170	3		2			4	1	2	1			170	3		2			4	1
	2016	4	15	16	25	22			"JAPAN:  KUMAMOTO, OITA"	32.791	130.754	10	7	8	50	1			1500	4	20000	4	80000	4		4	50	1			1500	4	20000	4	80000	4		4
	2016	4	16	23	58	0	5599		"ECUADOR:  NEAR WEST COAST: MANABI, ESMERALDAS"	0.35	-80.16	17	7.8	8	663	3	9	1	6274	4	3300	4	6998	4	29672	4	663	3	9	1	6274	4	3300	4	6998	4	29672	4
	2016	4	28	19	33	7	5600		"VANUATU ISLANDS"	-16.043	167.379	24	7																									
	2016	5	11	1	15	22			"CHINA:  TIBET (XIZANG PROVINCE)"	32.022	95.027	8	5.2						60	2		1		1							60	2		1		1		
	2016	5	17	17	5	5			"CHINA: YUNNAN PROVINCE: SHIMEN"	26.085	99.575	51	4.8		2	1					60	4					2	1					60	4				
	2016	5	18	16	47	26			"ECUADOR:  MANABI PROVINCE"	0.495	-79.616	30	6.9	4	1	1			162	3		1		1	32	1	1	1			162	3		1		1	32	1
	2016	5	28	23	54	38			"ALGERIA:  MEDEA:  MIHOUB"	36.431	3.517	11	5.4	5					28	1		2		3		1					28	1		2		3		1
	2016	6	1	22	56	8			"INDONESIA:  SUMATRA:  PESISIR SELATAN"	-2.097	100.665	50	6.6	5	1	1			30	1		2			2663	4	1	1			30	1		2			2663	4
	2016	6	7	19	15	33			"INDONESIA:  MALUKU:  TERNATE ISLAND"	1.279	126.371	31	6.3	4								1				1								1				1
	2016	7	1	14	59	15			"TAJIKISTAN:  RASHT"	38.881	70.559	10	5									1	31	1										1	31	1		
	2016	7	29	21	19	14			"NORTHERN MARIANA ISLANDS"	18.543	145.507	196	7.7	4																								
	2016	7	31	9	18	17			"CHINA:  GUANGXI PROVINCE"	24.134	111.478	25	4.9									2			200	3								2			200	3
	2016	7	31	23	41	28			"INDONESIA:  SUMBAWA ISLAND:  WEST NUSA TENGGARA"	-8.194	117.814	21	5.6	6					4	1		2			700	3					4	1		2			700	3
	2016	8	12	1	26	28	5604		"NEW CALEDONIA:  LOYALTY ISLANDS"	-22.477	173.117	16	7.2																									
	2016	8	15	2	58	0			"PERU:  AREQUIPA"	-15.64	-71.68	8	5.5	6	9	1			68	2		2	605	3	671	3	9	1			68	2		2	605	3	671	3
	2016	8	19	7	33	11	5605		"SOUTH SANDWICH ISLANDS"	-55.285	-31.877	10	7.4																									
	2016	8	20	9	1	26	5741		"JAPAN:  OFF EAST COAST HONSHU"	40.394	143.68	10	6	2																								
	2016	8	24	1	36	2			"ITALY:  ACCUMOLI, ARQUATA, AMATRICE"	42.704	13.238	4	6.2	9	299	3	15	1	368	3	5000	4		3		2	299	3	15	1	368	3	5000	4		3		2
	2016	8	24	10	34	58			"MYANMAR (BURMA): CHAUK"	20.923	94.569	82	6.8	5	4	1			20	1	10	3			230	3	4	1			20	1	10	3			230	2
	2016	9	1	16	37	3	5606		"NEW ZEALAND:  GISBORNE"	-37.359	179.146	19	7	5																								
	2016	9	10	12	27	41			"TANZANIA:  LAKE VICTORIA;  UGANDA: RAKAI"	-1.036	31.618	40	5.9		23	1			252	3	458	4	1172	4	6281	4	23	1			252	3	458	4	1172	4	6281	4
	2016	9	11	13	10	7			"BALKANS NW:  MACEDONIA"	42.008	21.488	13	5.1	6					137	3	10	3				1					137	3	10	3				1
	2016	9	12	11	33	17			"SOUTH KOREA:  GYEONGJU"	35.781	129.216	13	5.4	6	1	1			14	1	21	3			106	3	1	1			14	1	21	3			106	3
	2016	9	23	16	12	1			"RWANDA:  RISUZI; CONGO:  UKAVU"	-2.65	29.06	10	4.8		8	1				1		1	22	1			8	1				1		1	22	1		
	2016	9	28	16	49	1			"NICARAGUA:  LEON"	12.442	-86.515	8	5.5	4	1	1			5	1		2	6	1	487	3	1	1			5	1		2	6	1	487	3
	2016	10	1	8	4	33			"PAKISTAN:  MANSEHRA, NARAN"	34.905	73.682	10	5.4	2	1	1				2		1		2			1	1				2		1		2		
	2016	10	21	5	8	39			"JAPAN:  KURAYOSHI"	35.374	133.809	6	6.2	6					7	1	100	4	2	1	160	3					7	1	100	4	2	1	160	3
	2016	10	26	19	18	43			"ITALY:  VISSO, USSITA"	42.956	13.067	10	6.1	7	1	1				1		4			1001	4	1	1				1		4			1001	4
	2016	10	30	6	40	5			"ITALY: NORCIA"	42.84	13.11	9	6.6	7	2	1			20	1	200	4		1		4	2	1			20	1	200	4		1		4
	2016	11	7	1	44	7			"OKLAHOMA:  CUSHING"	35.988	-96.805	3	5	6						1	20	3			50	1						1	20	3			50	1
	2016	11	13	11	2	34	5613		"NEW ZEALAND:  AMBERLEY"	-42.737	173.054	15	7.8	8	2	1						2				1	2	1					3900	4	1	1		1
	2016	11	21	20	59	27	5618		"JAPAN: NEAR E COAST HONSHU"	37.393	141.387	9	6.9	7					15	1		1									15	1		1				
	2016	11	24	18	43	0	5620		"NICARAGUA"	11.96	-88.835	33	6.9	5																								
	2016	11	25	14	25	11			"CHINA:  XINJIANG PROVINCE:  KASHGAR"	39.273	73.978	17	6.6	7	1	1					5.5	3		2			1	1					5.5	3		2		
	2016	11	27	23	35	2			"NEPAL:   MOUNT AMA DABLAM, CHARIKHARKA"	27.802	86.532	10	5.4	4	1	1			1	1		1	2	1			1	1			1	1		1	2	1		
	2016	11	29	20	9	35			"POLAND:  RUDNA"	51.613	16.157	5	4.2		8	1			9	1		1					8	1			9	1		1				
	2016	12	1	0	25	38			"COSTA RICA:  PARAISO, TURRIALBA"	9.949	-83.807	1	5.3	6								2			60	2								2			60	2
	2016	12	1	22	40	0			"PERU:  PUNO, LAMPA"	-15.44	-70.93	10	6.2	6	1	1			17	1		1	8	1	40	1	1	1			17	1		1	8	1	40	1
	2016	12	6	22	3	39			"INDONESIA:  SUMATRA:  ACEH:  PIDIE JAYA"	5.283	96.168	13	6.5	8	104	3			857	3	100	4	245	3	18752	4	104	3			857	3	100	4	245	3	18752	4
	2016	12	8	5	15	6			"CHINA:  N. XINJIANG:  URUMQI"	43.823	86.345	18	6	3	1	1					135	4					1	1					135	4				
	2016	12	8	17	38	28	5630		"SOLOMON ISLANDS"	-10.681	161.327	40	7.8	8	1	1						1	191	3	126	3	1	1						1	191	3	126	3
	2016	12	9	19	11	24	5632		"SOLOMON ISLANDS"	-10.749	161.132	20	6.9	7																								
	2016	12	17	10	51	5	5636		"PAPUA NEW GUINEA:  NEW BRITAIN NEW IRELAND"	-4.505	153.522	95	7.9	7																								
	2016	12	19	7	11	0			"ECUADOR:  ESMERALDAS"	0.93	-79.84	6	5.4	6	3	1			47	1		2	10	1	70	2	3	1			47	1		2	10	1	70	2
	2016	12	25	14	22	0	5637		"CHILE"	-43.517	-74.391	30	7.6	7								1												1				
	2017	1	3	9	9	8			"INDIA:  AMBASA;  BANGLADESH"	24.015	92.018	32	5.7		3	1				3		3	1492	4	5200	4	3	1				3		3	1492	4	5200	4
	2017	1	3	21	53	7	5639		"FIJI ISLANDS"	-19.373	176.052	12	6.9	6																								
	2017	1	6	2	33	21			"IRAN:  KHONJ"	28.2	53.107	10	5		4	1			4	1		1					4	1			4	1		1				
	2017	1	11	22	7	7			"MADAGASCAR: ANTSIRABE"	-20.16	46.647	7	5.5		2	1				1		1				1	2	1				1		1				1
	2017	1	18	10	14	9			"ITALY:  FARINDOLA"	42.529	13.282	9	5.7		34	1			11	1	18	3		1			34	1			11	1	18	3		1		
	2017	1	22	4	31	36	5642		"PAPUA NEW GUINEA:  BOUGAINVILLE ISLAND"	-6.246	155.172	135	7.9	9	3	1						1		3			3	1						1		3		
	2017	2	6	3	52	4			"TURKEY:  CANAKKALE"	39.599	26.065	10	5.3						5	1		2			90	2					5	1		2			90	2
	2017	2	6	13	2	14			"COLOMBIA:  HUILA"	3.449	-74.672	38	5.5									2			378	3								2			378	3
	2017	2	7	22	3	39			"PAKISTAN:  PASNI"	25.191	63.264	29	6.3									1	20	1		1								1	20	1		1
	2017	2	10	14	4	32			"PHILIPPINES: SURIGAO DEL NORTE"	9.907	125.452	15	6.5	8	8	1			202	3	40	4	215	3	3042	4	8	1			202	3	40	4	215	3	3042	4
	2017	2	24	0	32	8			"ZAMBIA:  KAPUTA"	-8.44	30.031	30	5.9						5	1		1		1							5	1		1		1		
	2017	3	5	0	8	1			"PHILIPPINES: SURIGAO DEL NORTE"	9.831	125.496	11	5.7		1	1			45	1		1	13	1			1	1			45	1		1	13	1		
	2017	3	13	14	20	7			"MYANMAR (BURMA):  THARRAWADDY"	17.399	96	10	5.1		2	1			36	1		1		1		1	2	1			36	1		1		1		1
	2017	3	21	23	10	15			"INDONESIA:  BALI"	-8.492	115.323	112	5.6						4	1		2		1							4	1		2		1		
	2017	3	26	23	55	6			"CHINA:   YUNNAN PROVINCE"	25.938	99.841	28	5	2					1	1	31	4									1	1	31	4				
	2017	4	5	6	9	2			"IRAN:  SEFID SANG"	35.776	60.436	13	6.1		2	1			11	1		1				1	2	1			11	1		1				1
	2017	4	8	7	9	18			"PHILIPPINES: BATANGAS, CALABARZON"	13.77	120.935	14	5.9						6	1	2	2	506	3	2108	4					6	1	2	2	506	3	2108	4
	2017	4	10	23	54	3			"EL SALVADOR: SAN SALVADOR,SOYAPANGO"	13.766	-89.155	10	4.8		1	1			3	1		1				2	1	1			3	1		1				2
	2017	4	24	21	39	22	5647		"CHILE:  VALPARAISO"	-33.038	-72.062	28	6.9	9																								
	2017	4	28	20	23	26	5648		"PHILIPPINES: SARANGANI"	5.504	125.066	26	6.9	9					5	1		1	1	1		1					7	1		1	1	1		1
	2017	5	1	12	31	3	5649		"ALASKA:  SKAGWAY; CANADA:  BRITISH COLUMBIA"	59.852	-136.677	1	6.2																									
	2017	5	3	4	47	38			"KYRGYZSTAN:  OSH, BATKEN"	39.494	71.444	11	6									3	537	3										3	537	3		
	2017	5	10	21	58	7			"CHINA: XINJIANG: QUZGUN, TAXKORGAN TAJIK"	37.643	75.31	8	5.4		8	1			23	1	123	4	3015	4			8	1			23	1	123	4	3015	4		
	2017	5	11	3	24	37			"IRAN:  ARDABIL"	39.816	48.57	63	5.1						20	1		2			85	2					20	1		2			85	2
	2017	5	13	18	0	52			"IRAN: KHORASAN"	37.769	57.206	8	5.6		3	1			417	3	2	2		1		4	3	1			417	3	2	2		1		4
	2017	5	25	9	55	51			"TANZANIA: MWANZA"	-3.043	32.888	10	4.4		1	1			18	1							1	1			18	1						
	2017	5	28	11	4	37			"TURKEY: MANISA: SARUHANLI, GOLMARMARA"	38.764	27.778	3	4.9									2			35	1								2			35	1
	2017	5	29	14	35	51			"INDONESIA:  SULAWESI:  POSO"	-1.292	120.431	12	6.6	7					25	1		2	5	1	348	3					25	1		2	5	1	348	3
	2017	6	12	12	28	15	5652		"GREECE: LESBOS"	38.93	26.365	12	6.3		1	1			15	1		2	10	1	250	3	1	1			15	1		2	10	1	250	3
	2017	6	14	7	29	39			"GUATEMALA: QUETZALTENANGO, SUCHITEPEQUEZ; MEXICO"	14.909	-92.009	93	6.9	8	5	1			30	1		3		1		3	5	1			30	1		3		1		3
	2017	6	21	4	40				"NEPAL:  DHADING"	27.64	85.17		3.2		1	1			1	1							1	1			1	1						
	2017	6	22	12	31	49			"GUATEMALA: ESCUINTLA, SUCHITEPEQUEZ, GUATEMALA"	13.717	-90.972	38	6.8	6					4	1		2			53	2					4	1		2			53	2
	2017	6	24	2	37	48			"MOZAMBIQUE"	-19.45	34.488	27	5.6						4	1		1	2	1	2	1					4	1		1	2	1	2	1
	2017	7	6	8	3	55			"PHILIPPINES: LEYTE"	11.127	124.629	11	6.5	9	4	1			448	3	5	3	735	3	1029	4	4	1			448	3	5	3	735	3	1029	4
	2017	7	17	23	35	14	5654		"RUSSIA: BERING ISLAND"	54.443	168.857	10	7.7	8																								
	2017	7	18	2	6	15			"PERU:  AREQUIPA"	-16.416	-73.636	44	6.4		1	1			1	1							1	1			1	1						
	2017	7	20	22	31	26	5655		"TURKEY: BODRUM, DATCA; GREECE: KOS"	36.929	27.414	7	6.6	7	2	1			500	3		2		1		1	2	1			500	3		2		1		1
	2017	8	2	7	15	0			"CHILE:  SANTIAGO"	-33.201	-70.614	99	5.4		1	1											1	1										
	2017	8	8	13	19	54			"CHINA:  SICHUAN PROVINCE:  ABA"	33.193	103.855	9	6.5	5	29	1			525	3	500	4	100	2	72500	4	29	1			525	3	500	4	100	2	72500	4
	2017	8	8	23	27	8			"CHINA:  XINGJIANG: BORTALA"	44.302	82.832	20	6.3						32	1		2	142	3	1060	4					32	1		2	142	3	1060	4
	2017	8	11	21	45	4			"PERU: AREQUIPA"	-16.299	-73.474	41	5.6		1	1				1							1	1				1						
	2017	8	13	16	51	5			"PERU:  JUNIN"	-10.721	-74.566	32	5.8		1	1			2	1		1					1	1			2	1		1				
	2017	8	21	18	57	11			"ITALY:  ISCHIA ISLAND"	40.783	13.939	3	4.2		2	1			42	1		2		2		2	2	1			42	1		2		2		2
	2017	8	22	22	27	3			"PHILIPPINES: LEYTE: ORMOC"	10.954	124.707	17	5		2	1				1		2			56	2	2	1				1		2			56	2
	2017	9	8	4	49	2	5658		"MEXICO: OAXACA, CHIAPAS, TABASCO; GUATEMALA"	14.761	-94.103	46	8.2	9	98	2			251	3	4000	4	47468	4	94027	4	98	2			251	3	4000	4	47468	4	94027	4
	2017	9	19	18	14	7			"MEXICO: MEXICO CITY, MORELOS, PUEBLA"	18.339	-98.68	39	7.1	9	369	3			6000	4	8000	4	226	3	184000	4	369	3			6000	4	8000	4	226	3	184000	4
	2017	9	23	12	53	48			"MEXICO:  OAXACA"	16.626	-95.078	10	6.1		5	1			7	1		1	11	1			5	1			7	1		1	11	1		
	2017	9	23	20	48	16			"PHILIPPINES: MINDANAO: LANAO DEL SUR PROVINCE"	7.562	124.743	8	5.7						11	1		2	55	2	1659	4					11	1		2	55	2	1659	4
	2017	10	31	0	43	12	5663		"NEW CALEDONIA:  LOYALTY ISLANDS"	-21.697	169.149	24	6.7	3																								
	2017	10	31	11	50	37			"INDONESIA:  MALUKU:  AMBON"	-3.745	127.752	6	6.1	5	1	1						1			14	1	1	1						1			14	1
	2017	11	1	2	24	7	5664		"NEW CALEDONIA:  LOYALTY ISLANDS"	-21.648	168.859	22	6.6	3																								
	2017	11	12	18	18	18			"IRAN: KERMANSHAH; IRAQ: KURDISTAN"	34.911	45.959	19	7.3	8	630	3			12900	4	750	4	15500	4	14500	4	630	3			12900	4	750	4	15500	4	14500	4
	2017	11	13	2	29	8			"COSTA RICA: JACO"	9.515	-84.487	19	6.5	8	2	1											2	1										
	2017	11	15	5	30	22			"SOUTH KOREA: POHANG"	36.074	129.27	10	5.5	8					90	2	75.8	4		1	2165	4					90	2	75.8	4		1	2165	4
	2017	11	17	22	34	45			"CHINA:  TIBET (XIZANG PROVINCE): NYINGCHI"	29.833	94.984	8	6.4	9					3	1		3			3000	4					3	1		3			3000	4
	2017	11	18	16	7	3			"INDONESIA: NORTH MALUKU: MOROTAI"	2.465	128.148	8	5.8		1	1						2			294	3	1	1						2			294	3
	2017	11	19	9	26	13	5723		"NEW CALEDONIA:  LOYALTY ISLANDS"	-21.638	168.673	14	6.3	5																								
	2017	11	19	15	10	28	5724		"NEW CALEDONIA:  LOYALTY ISLANDS"	-21.503	168.598	13	6.6	4																								
	2017	11	19	22	43	25	5670		"NEW CALEDONIA:  LOYALTY ISLANDS"	-21.325	168.672	10	7	4																								
	2017	11	23	9	43	7			"CHINA: CHONGQING: WULONG"	29.349	108.058	10	5.1	4					8	1	1.5	2	1	1	30	1					8	1	1.5	2	1	1	30	1
	2017	12	1	2	32	4			"IRAN:  KERMAN"	30.746	57.307	9	6.1	5					51	2		1		2		1					51	2		1		2		1
	2017	12	15	16	47	23			"INDONESIA:  JAVA"	-7.492	108.174	90	6.5	7	4	1			36	1		2			4825	4	4	1			36	1		2			4825	4
	2017	12	20	19	57	7			"IRAN:  ALBORZ"	35.649	50.962	10	4.9	6	2	1			117	3							2	1			117	3						
	2017	12	26	21	24	59			"IRAN: ALBORZ, TEHRAN"	35.716	51.256	10	4	4	1	1			57	2							1	1			57	2						
	2018	1	4	10	47	7			"BALKANS NW:  MONTENEGRO: BERANE"	42.66	19.862	10	5.1	4						1		2				3						1		2				3
	2018	1	6	15	22	12			"IRAN:  KERMANSHAH"	34.585	45.77	10	5	7					51	2		1		2							51	2		1		2		
	2018	1	8						"THE NETHERLANDS: GRONINGEN"	53.2	6.6		3.4									2				4								2				4
	2018	1	10	2	51	29	5672		"HONDURAS"	17.483	-83.52	19	7.5	8								1			7	1								1			7	1
	2018	1	11	6	59	47			"IRAN: KERMANSHAH"	33.713	45.724	10	5.5	5					13	1		1				2					13	1		1				2
	2018	1	14	9	18	0	5675		"PERU: YAUCA"	-15.982	-74.512	38	7.1	9	2	1			139	3		3	259	3	1577	4	2	1			139	3		3	259	3	1577	4
	2018	1	23	6	35	38			"INDONESIA:  JAVA:  BANTEN"	-7.092	105.963	48	5.9	6	1	1			11	1		2			2760	4	1	1			11	1		2			2760	4
	2018	1	23	9	32	29	5673		"ALASKA:  KODIAK ISLAND"	56.004	-149.166	14	7.9	9								1												1				
	2018	1	31	7	7	29			"AFGHANISTAN; PAKISTAN:  BALUCHISTAN"	36.526	70.851	194	6.2	6	2	1			15	1							2	1			15	1						
	2018	1	31	23	13	4			"ECUADOR:  PASTAZA"	-1.744	-77.672	21	5.2	4	1	1										1	1	1										1
	2018	2	6	15	50	32			"TAIWAN:  HUALIEN"	24.134	121.659	17	6.4		17	1			291	3		2	4	1		1	17	1			291	3		2	4	1		1
	2018	2	16	23	39	28			"MEXICO:  OAXACA"	16.386	-97.979	22	7.2		14	1			19	1		2			1000	3	14	1			19	1		2			1000	3
	2018	2	25	17	44	14			"PAPUA NEW GUINEA: S HIGHLANDS, HELA;  INDONESIA"	-6.07	142.754	25	7.5	8	145	3			300	3	290	4		4		4	145	3			300	3	290	4		4		4
	2018	2	28	2	45	43			"PAPUA NEW GUINEA:  S HIGHLANDS"	-6.17	142.468	16	6.1		1	1											1	1										
	2018	3	4	19	57	29			"PAPUA NEW GUINEA:  S HIGHLANDS"	-6.331	142.599	10	6		11	1											11	1										
	2018	3	4	23	18	21			"OKLAHOMA: BRECKENRIDGE, ENID"	36.473	-97.722	5	4.2									2				2								2		2		
	2018	3	6	14	14	5			"PAPUA NEW GUINEA:  S HIGHLANDS, HELA"	-6.304	142.612	20	6.7		25	1							1	1			25	1							1	1		
	2018	4	1	8	35	41			"IRAN:  KERMANSHAH"	34.403	45.748	10	5						54	2											54	2						
	2018	4	3	9	41	35			"VENEZUELA:  MERIDA"	8.346	-71.719	10	4.9									2			28	1								2			28	1
	2018	4	7	5	48	1			"PAPUA NEW GUINEA:  HELA"	-5.838	142.531	18	6.3		4	1						1		1		1	4	1						1		1		1
	2018	4	8	16	32	52			"JAPAN:  SHIMANE PREFECTURE"	35.259	132.553	10	5.7						8	1		3			429	3					8	1		3			429	3
	2018	4	10	3	12	29			"ITALY:  MUCCIA"	43.066	13.052	10	4.7									1				1								1				1
	2018	4	18	6	29	24			"INDONESIA:  JAVA:  BANJARNEGARA"	-7.248	109.654	10	4.5	2	3	1			21	1		2			316	3	3	1			21	1		2			316	3
	2018	4	24	0	34	18			"TURKEY:  ADIYAMAN"	37.596	38.514	10	5.2						39	1		1				1					39	1		1				1
	2018	5	2	4	8	4			"IRAN:  KOHGILUYEH AND BOYER-AHMAD: SISAKHT"	30.705	51.49	8	5.3						133	3		2				1					133	3		2				1
	2018	5	3	11	17				"SOUTH AFRICA:  WEST RAND"	-26.4	27.5		2.1		7	1			6	1							7	1			6	1						
	2018	5	4	22	32	37	5678	6864	"HAWAIIAN ISLANDS: PUNA DISTRICT"	19.313	-154.998	2	6.9									1									1	1	370	4	716	3		
	2018	5	5	8	58	5			"POLAND:  SILESIAN:  JASTRZEBIE-ZDROJ"	50.124	18.683	1	4.1		5	1			2	1		1					5	1			2	1		1				
	2018	5	6	6	3	33	5796	7541	"JAPAN:  HONSHU:  S. OF"	31.444	140.193	10	5.4																									
	2018	5	6	19	2	36			"EL SALVADOR:  LA UNION, SAN MIGUEL"	13.104	-88.062	10	5.4						1	1		2	11	1	298	3					1	1		2	11	1	298	3
	2018	5	9	10	42	31			"AFGHANISTAN: TAKHAR;  PAKISTAN"	36.994	71.382	116	6.2						13	1		1		1	45	1					13	1		1		1	45	1
	2018	5	15	15	49	34			"COMOROS:  MAYOTTE"	-12.776	45.581	17	5.9						3	1		1				1					3	1		1				1
	2018	5	27	17	51	1			"CHINA:  JILIN PROVINCE:  NINGJIANG"	45.236	124.642	10	5.3									3			10000	4								3			10000	4
	2018	6	5	18	40	2			"AZERBAIJAN: SHAKI-ZAQATALA"	41.526	46.786	22	5.3		1	1			31	1		1				2	1	1			31	1		1				2
	2018	6	12	9	35	48			"COLOMBIA:  PASTO"	1.067	-77.272	11	4.9		2	1			7	1		2	1	1		3	2	1			7	1		2	1	1		3
	2018	6	13	13	6	44			"INDONESIA:  MADURA ISLAND, JAVA"	-7.001	113.888	10	4.6						6	1		2			77	2					6	1		2			77	2
	2018	6	17	22	59	17			"JAPAN:  OSAKA"	34.825	135.639	10	5.5		5	1			417	3	7000	4			6766	4	5	1			417	3	7000	4			6766	4
	2018	7	21	7	58	0			"INDONESIA: SUMATRA: SOLOK"	-0.969	100.769	10	5.2		1	1			2	1		2	2	1		3	1	1			2	2		1	2	1		3
	2018	7	22	10	7	22			"IRAN:  KERMANSHAH"	34.591	46.166	12	5.8						287	3		2			951	3					287	3		2			951	3
	2018	7	28	22	48	14	5778		"INDONESIA:  LOMBOK ISLAND"	-8.24	116.508	14	6.4		17	1			355	3		3	5448	4		3	17	1			355	3		3	5448	4		3
	2018	8	5	11	47	3	5685		"INDONESIA:  LOMBOK ISLAND"	-8.258	116.438	34	6.9		560	3			7733	4	509	4		3	83392	4	560	3			7733	4	509	4		3	83392	4
	2018	8	9	5	25	38			"INDONESIA:  LOMBOK ISLAND"	-8.307	116.23	15	5.9		6	1			24	1		2				3	6	1			24	1		2				3
	2018	8	12	17	44	34			"CHINA:   YUNNAN PROVINCE:  YUXI"	24.298	102.91	10	5						24	1		2			8000	4					24	1		2			8000	4
	2018	8	19	0	20	7	5686		"FIJI ISLANDS"	-18.113	-178.153	600	8.2																									
	2018	8	19	4	11	4	5816		"INDONESIA:  LOMBOK ISLAND"	-8.337	116.599	16	6.3		2	1			1	1		2			1705	4	2	1			1	1		2			1705	4
	2018	8	19	14	56	49			"INDONESIA:  LOMBOK ISLAND"	-8.319	116.627	21	6.9		11	1				1		2			1800	4	11	1				1		2			1800	4
	2018	8	21	21	31	6	5687		"VENEZUELA:  SUCRE; TRINIDAD"	10.773	-62.902	146	7.3		5	1						2				3	5	1						2				3
	2018	8	25	22	14	2			"IRAN:  KERMANSHAH"	34.611	46.242	10	6		2	1			267	3		3			2600	4	2	1			267	3		3			2600	4
	2018	8	29	3	51	1	5688		"NEW CALEDONIA:  LOYALTY ISLANDS"	-22.03	170.126	21	7.1																									
	2018	9	5	18	7	15			"JAPAN:  HOKKAIDO"	42.686	141.929	35	6.6	7	44	1			660	3	2000	4		3	15000	4	44	1			660	3	2000	4		3	15000	4
	2018	9	6	15	50	11			"FIJI ISLANDS"	-18.474	179.35	670	7.9																									
	2018	9	7	6	24	6			"IRAN:  KERMAN"	28.326	59.32	10	5.6		1	1			2	1		1				1	1	1			2	1		1				1
	2018	9	8	2	32	14			"CHINA: YUNNAN PROVINCE:  MOJIANG HANI"	23.332	101.578	8	5.7						28	1		3			29000	4					28	1		3			29000	4
	2018	9	12	4	50	57			"INDIA:  WEST BENGAL"	26.371	90.161	10	5.3		1	1											1	1										
	2018	9	28	7	0	14			"INDONESIA:  SULAWESI"	-0.401	119.771	4	6.1		1	1			10	1		1		1		1	1	1			10	1		1		1		1
	2018	9	28	10	2	25	5689		"INDONESIA:  SULAWESI"	-0.256	119.846	20	7.5	8	4340	4	667	3	10679	4	1500	4	3673	4	39191	4	4340	4	667	3	10679	4	1500	4	3673	4	39191	4
	2018	10	7	0	11	22			"HAITI: PORT-DEX-PAIX"	20.034	-73.013	24	5.9		18	1			580	3		3	2102	4	15932	4	18	1			580	3		3	2102	4	15932	4
	2018	10	10	18	44	28			"INDONESIA:  MADURA ISLAND, JAVA"	-7.453	114.455	9	6	5	4	1			36	1		1			433	3	4	1			36	1		1			433	3
	2018	10	16	1	3	58	5725		"NEW CALEDONIA:  LOYALTY ISLANDS"	-21.743	169.522	17	6.5																									
	2018	10	25	22	55	3	5690		"GREECE:  IONIAN SEA:  ZAKYNTHOS, STROFADES"	37.52	20.557	14	6.8						3	1		2			120	3					3	1		2			120	3
	2018	11	14	23	2	24			"INDONESIA:  SULAWESI:  MAMASA"	-2.907	119.392	14	5.5		7	1						2	8	1		3	7	1						2	8	1		3
	2018	11	25	16	38	23			"IRAN: KERMANSHAH; IRAQ: KURDISTAN"	34.361	45.744	18	6.3		1	1			759	3		1				1	1	1			759	3		1				1
	2018	11	28	14	44	39			"AFGHANISTAN:  HINDU KUSH:  BAGHLAN"	35.808	68.687	22	4.9						9	1		1			60	2					9	1		1			60	2
	2018	11	30	17	29	16			"ALASKA:  ANCHORAGE"	61.316	-149.925	54	7						117	3	150	4	2	1	1650	4					117	3	150	4	2	1	1650	4
	2018	12	5	4	18	42	5698		"NEW CALEDONIA:  LOYALTY ISLANDS"	-21.95	169.427	10	7.5																					1				1
	2018	12	15	20	22	23		7244	"VANUATU ISLANDS: AMBRYM ISLAND"	-16.416	168.22	11	5.4									2				1								2				1
	2018	12	16	4	47	26			"CHINA:  SICHUAN:  YIBIN"	28.295	105.013	18	5.3						17	1	7.255	3	15	1	6145	4					17	1	7.255	3	15	1	6145	4
	2018	12	22	5	38	27			"MOZAMBIQUE; ZIMBABWE"	-20.643	32.803	16	5.6						10	1		2	600	3		1					10	1		2	600	3		1
	2018	12	26	2	19	0		7284	"ITALY:  SICILY:  CATANIA"	37.63	15.1	1	5						28	1	115	4	15	1		1					28	1	115	4	15	1		1
	2019	1	3	0	48	37			"CHINA:  SICHUAN:  YIBIN"	28.19	104.918	10	4.8						774	3		2			691	3					774	3		2			691	3
	2019	1	6	13	41	6			"IRAN:  KERMANSHAH: SARPOL-E ZAHAB"	34.125	45.679	14	5.6						75	2		1				1					75	2		1				1
	2019	1	12	8	59	4			"POLAND:  RUDNA"	51.547	16.111	1	3.7		1	1			6	1		2					1	1			6	1		2				
	2019	1	20	1	32	48			"CHILE:  COQUIMBO, LA SERENA"	-30.04	-71.382	63	6.7		2	1						2			1061	4	2	1						2			1061	4
	2019	1	22	22	35	8			"POLAND:  RYDULTOWY"	50.11	18.456	5	3.9		1	1			8	1							1	1			8	1						
	2019	1	26	12	33	23			"COLOMBIA:  CAUCA, HUILA"	3.035	-75.738	10	5.6		1	1						1				2	1	1						1				2
	2019	2	1	10	23	54			"INDIA:  MAHARASHTRA:  PALGHAR"	19.9	72.8	5	3.6		1	1						1					1	1						1				
	2019	2	1	16	19	29			"MEXICO:  CHIAPAS; GUATEMALA:  SAN MARCOS"	14.68	-92.453	66	6.7						4	1		2				3					4	1		2				3
	2019	2	5	19	35	21			"AZERBAIJAN:  SHEMAKHA (SEMACHA)"	40.896	48.607	10	5						30	1		2			3000	4					30	1		2			3000	4
	2019	2	22	10	18	17			"ECUADOR: AZUAY, MANABI, MORONA SANT.; PERU"	-2.186	-77.051	145	7.5		1	1			9	1		2	5	1	75	1	1	1			9	1		2	5	1	75	1
	2019	2	25	5	16	25			"CHINA:  SICHUAN PROVINCE: RONGXIAN"	29.47	104.609	10	4.9		2	1			12	1	2	2	9	1	10911	4	2	1			12	1	2	2	9	1	10911	4
	2019	2	27	23	27	24			"INDONESIA: SUMATRA: SOLOK"	-1.323	101.578	10	5.4						48	1		2			343	3					48	1		2			343	3
	2019	3	1	8	50	42			"PERU:  AREQUIPA"	-14.713	-70.155	267	7		1	1			2	1		1	1	1	17	1	1	1			2	1		1	1	1	17	1
	2019	3	17	7	7	25			"INDONESIA:  LOMBOK ISLAND"	-8.418	116.521	10	5.6		6	1			182	3		2	843	3	3613	4	6	1			182	3		2	843	3	3613	4
	2019	3	21	9	15	40			"TANZANIA:  SONGWE, MBEYA"	-7.914	32.109	22	5.5		1	1						1	4	1		1	1	1						1	4	1		1
	2019	4	12	11	40	49			"INDONESIA:  SULAWESI ISLAND: LUWUK"	-1.852	122.553	18	6.8		1	1											1	1										
	2019	4	18	5	1	6			"TAIWAN:  HUALIEN"	23.989	121.693	20	6.1		1	1			16	1		1					1	1			16	1		1				
	2019	4	22	9	11	11			"PHILIPPINES:  PAMPANGA PROVINCE"	14.924	120.497	20	6.1		18	1	3	1	183	3	50	4	1046	4	3329	4	18	1	3	1	183	3	50	4	1046	4	3329	4
	2019	5	6	21	19	35			"PAPUA NEW GUINEA:  MOROBE: WAMPAR"	-6.977	146.44	127	7.2									2	130	3										2	130	3		
	2019	5	14	12	58	25	5705		"PAPUA NEW GUINEA:  RABAUL, DUKE OF YORK IS"	-4.051	152.597	10	7.6							1		1		1		1						1		1		1		1
	2019	5	17	22	24	52			"CHINA:  JILIN PROVINCE:  SONGYUAN"	45.205	124.611	17	4.8									1			167	3								1			167	3
	2019	5	22	3	48	59			"THE NETHERLANDS: GRONINGEN"	53.394	6.586	10	3.2									2			840	3								2			840	3
	2019	5	26	7	41	14			"PERU:  LA LIBERTAD, CAJAMARCA; ECUADOR"	-5.796	-75.298	110	8		2	1			30	1		2		3		3	2	1			30	1		2		3		3
	2019	5	30	9	3	32			"EL SALVADOR:  SAN SALVADOR"	13.199	-89.306	58	6.6		1	1			1	1		1			2	1	1	1			1	1		1			2	1
	2019	6	1	4	26	19			"ALBANIA:  KORCE"	40.501	20.722	10	5.2						4	1		2			100	2					4	1		2			100	2
	2019	6	14	0	19	12	5710		"CHILE:  COQUIMBO"	-30.056	-72.082	11	6.4																									
	2019	6	15	22	55	2	5711		"KERMADEC ISLANDS:  S OF, RAOUL"	-30.805	-178.095	34	7.2																									
	2019	6	17	14	55	45			"CHINA:  SICHUAN:  YIBIN"	28.405	104.957	10	5.8		13	1			200	3	1300	4			12700	4	13	1			200	3	1300	4			12700	4
	2019	6	18	13	22	19	5712		"JAPAN:  NIIGATA PREFECTURE"	38.646	139.472	12	6.4						28	1		2			144	3					28	1		2			144	3
	2019	7	1	12	12	6.8			"POLAND:  KATOWICE"	50.287	18.997		3.1		3	1			6	1							3	1			6	1						
	2019	7	4	17	33	49			"CALIFORNIA:  RIDGECREST;  NEVADA"	35.705	-117.506	11	6.4		1	1				1		2				1	1	1				1		2				1
	2019	7	6	3	19	52			"CALIFORNIA:  RIDGECREST"	35.766	-117.605	8	7.1							1	5300	4	101	3	287	3						1	5300	4	101	3	287	3
	2019	7	8	7	0	31			"IRAN:  MASJED-E SOLEYMAN"	31.775	49.542	10	5.7		1	1			128	3		1				1	1	1			128	3		1				1
	2019	7	9	12	37	1			"PHILIPPINES:  MINDANAO:  MAKILALA, TULUNAN"	6.802	125.169	24	5.6		1	1			3	1		1			119	3	1	1			3	1		1			119	3
	2019	7	12	20	42	55			"PHILIPPINES: MINDANAO: SURIGAO DEL SUR PROVINCE"	9.334	126.04	14	5.8						59	2	0.71	1	67	2	2085	4					59	2	0.71	1	67	2	2085	4
	2019	7	14	9	10	50			"INDONESIA:  MOLUCCA ISLANDS:  N"	-0.529	128.093	10	7.3		8	1			134	3		2	1176	4	1158	4	8	1			134	3		2	1176	4	1158	4
	2019	7	19	11	13	16			"GREECE:  ATHENS"	38.115	23.505	10	5.3						4	1		1		1		1					4	1		1		1		1
	2019	7	24	19	33	15			"INDIA:  MAHARASHTRA:  PALGHAR"	20	72.9	10	3.8		1	1				1		1				1	1	1				1		1				1
	2019	7	26	23	37	58			"PHILIPPINES:  BATANES:  ITBAYAT"	20.807	121.986	10	6		9	1			64	2	0.925	1			266	3	9	1			64	2	0.925	1			266	3
	2019	8	2	12	3	27			"INDONESIA:  JAVA:  BANTEN"	-7.267	104.825	53	6.9		6	1			3	1		2	13	1	458	3	6	1			3	1		2	13	1	458	3
	2019	8	7	21	28	2			"TAIWAN:  TAIPEI"	24.475	121.947	10	5.9		1	1											1	1										
	2019	8	8	11	25	31			"TURKEY:  DENIZLI"	37.948	29.697	10	5.8							1		2			976	3						1		2			976	3
	2019	9	7	22	42	14			"CHINA:  SICHUAN PROVINCE: NEIJIANG"	29.573	105.064	10	5.1		1	1			63	2		2	132	3	5041	4	1	1			63	2		2	132	3	5041	4
	2019	9	21	14	4	24			"ALBANIA:  DURRES"	41.381	19.454	10	5.6						132	3	45	4		1	569	3					132	3	45	4		1	569	3
	2019	9	24	11	1	55			"PAKISTAN:  MIRPUR DISTRICT"	33.106	73.766	10	5.6		39	1			746	3	17	3	1756	4	5709	4	39	1			746	3	17	3	1756	4	5709	4
	2019	9	25	23	46	44			"INDONESIA:  MALUKU:  AMBON"	-3.45	128.347	18	6.5		31	1			179	3		3		1	2675	2	31	1			179	3		3		1	2675	4
	2019	9	26	10	59	26			"TURKEY:  ISTANBUL"	40.89	28.173	10	5.7		1	1			34	1		2			473	3	1	1			34	1		2			473	3
	2019	9	26	16	36	18			"CHILE:  SOUTH CENTRAL"	-40.815	-72.002	129	6.1		1	1											1	1										
	2019	9	29	15	57	53			"CHILE:  CONCEPCION"	-35.473	-73.162	11	6.8		1	1											1	1										
	2019	10	10	4	39	48			"INDONESIA:  PASSO"	-3.65	128.216	54	5	7	1	1			2	1		2				1	1	1			2	1		2				1
	2019	10	16	11	37	6			"PHILIPPINES:  MINDANAO:  COTABATO, DAVAO"	6.712	125.005	14	6.4	7	7	1			215	3		3	506	3	2664	4	7	1			215	3		3	506	3	2664	4
	2019	10	29	1	4	44			"PHILIPPINES:  MINDANAO:  COTABATO, DAVAO"	6.802	125.04	15	6.6		12	1			417	3		3	22363	4	12119	4	13	1		1	562	3		3	23303	4	15306	4
	2019	10	31	1	11	19			"PHILIPPINES:  COTABATO, SULTAN KUDARAT"	6.91	125.156	10	6.5		9	1				1		2		3		3	10	1		1		1		2		3		3
	2019	11	7	22	47	5			"IRAN: MIYANEH"	37.808	47.558	10			5	1			584	3		2		1		1	5	1			584	3		2		1		1
	2019	11	11	10	52	46			"FRANCE:  LE TEIL, SAINT-THOME, VIVIERS"	44.612	4.638	10	4.8	7					4	1	59.4	4			900	3					4	1	59.4	4			900	3
	2019	11	12	10	10	44			"INDONESIA:  MALUKU:  AMBON"	-3.61	128.299	50	5		2	1			3	1		1		1			2	1			3	1		1		1		
	2019	11	14	16	17	40	5733		"INDONESIA:  MOLUCCA ISLANDS:  N"	1.6	126.416	33	7.1		1	1			3	1		1			36	1	1	1			3	1		1			36	1
	2019	11	18	13	22	9			"PHILIPPINES:  MINDANAO:  BUKIDNON PROVINCE"	7.625	124.912		5.9	6					16	1		2	61	2	379	3					16	1		2	61	2	379	3
	2019	11	25	1	18	21			"CHINA:  GUANGXI PROVINCE"	22.96	106.711	10	5		1	1			4	1		1				1	1	1			4	1		1				1
	2019	11	26	2	54	12			"ALBANIA:  DURRES, THUMANE, TIRANA"	41.521	19.559	20	6.4		51	2			2000	4	1081	4	11000	4	83000	4	51	2			2000	4	1081	4	11000	4	83000	4
	2019	12	15	6	11	52			"PHILIPPINES:  MINDANAO:  DAVAO"	6.708	125.188	22	6.8		13	1	1	1	210	3		4	4546	4	21495	4	13	1	1	1	210	3		4	4546	4	21495	4
	2019	12	18	0	14	7			"CHINA:  SICHUAN PROVINCE: NEIJIANG"	29.639	104.946	10	5.2						18	1		2			780	3					18	1		2			780	3
	2020	1	7	8	24	26	5736		"PUERTO RICO:  PONCE,SAN JUAN"	17.916	-66.813	10	6.4	8	4	1				1	800	4	300	3	1390	4	4	1				1	800	4	300	3	1390	4
	2020	1	19	13	27	56			"CHINA:  XINJIANG PROVINCE"	39.831	77.106	6	6		1	1			2	1		3				4	1	1			2	1		3				4
	2020	1	24	17	55	14			"TURKEY:  ELAZIG AND MALATYA PROVINCES"	38.39	39.081	12	6.7		41	1			1600	4		4	76	2		4	41	1			1600	4		4	76	2		4
	2020	1	28	19	10	25	5740		"CUBA: GRANMA;  CAYMAN IS;  JAMAICA"	19.44	-78.755	10	7.7									2	1	1		3								2	1	1		3
	2020	2	23	16	0	31			"TURKEY: VAN;  IRAN"	38.482	44.367	10	6		10	1			60	2		2	255	3	600	3	10	1			60	2		2	255	3	600	3
	2020	3	10	10	18	6			"INDONESIA:  JAVA:  SUKABUMI, BOGOR"	-6.808	106.676	23	5	8					4	1		2			1137	4					4	1		2			1137	4
	2020	3	18	13	9	31			"UTAH"	40.751	-112.078	12	5.7	6							48.5	4				3							48.5	4				3
	2020	3	22	5	24	3			"BALKANS NW:  CROATIA:  ZAGREB"	45.897	15.966	10	5.4	8	1	1			27	1	1800	4	6305	4	20000	4	1	1			27	1	1800	4	6305	4	20000	4
	2020	3	25	2	49	21	5746		"RUSSIA:  KURIL ISLANDS"	48.986	157.693	57	7.5	6																								
	2020	4	1	12	23	27			"CHINA:  QINGHAI PROVINCE"	33.124	98.916	10	5.3								11.28	3			790	3							11.28	3			790	3
	2020	5	2	12	51	6	5747		"GREECE:  CRETE"	34.205	25.712	17	6.6	7																								
	2020	5	7	20	18	22			"IRAN:  TEHRAN, DAMAVAND"	35.725	52.044	10	4.6		2	1			22	1							2	1			22	1						
	2020	5	18	13	48	3			"CHINA:   YUNNAN PROVINCE:  QIAOJIA"	27.296	103.281	10	5.2		4	1			24	1		2		1			4	1			24	1	17	3		1		
	2020	5	29	5	30		5748	7504	"INDONESIA:  JAVA:  IJEN"	-8.058	114.242																1	1										
	2020	6	4	8	49	39			"INDONESIA: NORTH MALUKU: MOROTAI"	2.923	128.248	107	6.4	4								2	14	1	298	3								2	14	1	298	3
	2020	6	7	5	27	22			"PERU:  COAST:  CHIMBOTE"	-9.634	-78.591	57	4.5		1	1											1	1										
	2020	6	14	14	24	29			"TURKEY:  BINGOL"	39.421	40.697	10	5.9		1	1			35	1		2				1	1	1			35	1		2				1
	2020	6	18	12	49	53	5750		"KERMADEC ISLANDS:  S OF, RAOUL"	-33.294	-177.838	10	7.4																									
	2020	6	23	15	29	5	5751		"MEXICO: OAXACA"	16.029	-95.901	26	7.4		10	1			24	1		4			8123	4	10	1			24	1		4			8123	4
	2020	6	25	10	3	31			"TURKEY:  VAN"	38.558	44.023	10	5.4						5	1		2			90	2					5	1		2			90	2
	2020	7	17	2	50	23			"PAPUA NEW GUINEA:  MOROBE, ORO"	-7.843	147.766	80	7		1	1			1	1		1			12	1	1	1			1	1		1			12	1
	2020	7	22	6	12	44	5753		"ALASKA"	55.03	-158.522	28	7.8	8								1												1				
	2020	7	27	5	14	51			"VIETNAM: SON LA PROVINCE"	20.872	104.541	10	4.8									2				3								2				3
	2020	8	9	12	7	37			"NORTH CAROLINA:  SPARTA"	36.476	-81.094	8	5.1									2	60	2	465	3								2	60	2	465	3
	2020	8	18	0	3	48			"PHILIPPINES:  MASBATE"	12.021	124.123	10	6.6	7	2	1			50	1	0.57	1	138	3	1167	4	2	1			50	1	0.57	1	138	3	1167	4
	2020	10	19	20	54	39	5755		"ALASKA"	54.608	-159.655	33	7.6	8																								
	2020	10	30	11	51	27	5757		"GREECE:  SAMOS; TURKEY:  IZMIR"	37.918	26.79	21	7	8	117	3			1054	4	400	4		2		4	118	3			1054	4	400	4		2		4
	2020	12	27	21	39	14	5760		"CHILE:  OFF COAST CENTRAL"	-39.343	-74.99	10	6.7	5																								
	2020	12	29	11	19	54			"BALKANS NW:  CROATIA:  PETRINJA"	45.422	16.255	10	6.4	9	8	1			36	1	4187	4	1500	4	46000	4	8	1			36	1	4187	4	1500	4	46000	4
	2021	1	14	18	28	18			"INDONESIA:  SULAWESI:  MAMUJU, MAJENE"	-2.976	118.901	18	6.2	9	105	3	3	1	6489	4	58.7	4	1150	4	7863	4	105	3	3	1	6489	4	58.7	4	1150	4	7863	4
	2021	1	15	21	31	4			"IRAN:  HORMOZGAN PROVINCE"	26.926	55.186	8	5.5	5					1	1		2			80	2					1	1		2			80	2
	2021	1	19	2	46	22			"ARGENTINA:  SAN JUAN PROVINCE"	-31.83	-68.806	20	6.4	6					14	1		2			600	3					14	1		2			600	3
	2021	1	23	23	36	50	5762		"SCOTIA SEA:  SOUTH SHETLAND ISLANDS"	-61.825	-55.494	10	6.9	9																								
	2021	2	10	13	19	55	5763		"NEW CALEDONIA:  LOYALTY ISLANDS"	-23.054	171.601	10	7.7	7																								
	2021	2	12	17	1	34			"PAKISTAN: HARIPUR; TAJIKISTAN"	38.132	73.569	91	5.9	8	1	1				1							1	1				1						
	2021	2	13	14	7	50	5823		"JAPAN:  OFF FUKUSHIMA"	37.745	141.749	49	7.1	9	1	1			186	3	7700	4	798	3	19758	4	1	1			186	3	7700	4	798	3	19758	4
	2021	2	17	18	35	35			"IRAN: ESFAHAN, KOHGILUYEH, BOYER-AHMAD"	30.839	51.365	7	5.4	8	2	1			63	2	10	3					2	1			63	2	10	3				
	2021	3	1	22	57	40			"COLOMBIA: MEDELLIN, BETULIA"	6.239	-76.098	10	5.1	9	2	1						1		1		1	2	1						1		1		1
	2021	3	3	10	16	10			"GREECE: TYRNAVOS, LARISA"	39.764	22.176	10	6.3	9					11	1	10	3		3		3					11	1	10	3		3		3
	2021	3	4	13	27	36	5769		"NEW ZEALAND:  GISBORNE"	-37.563	179.444	20	7.3	7																								
	2021	3	4	17	41	25	5770		"KERMADEC ISLANDS:  S OF, RAOUL"	-29.613	-177.843	55	7.4	7																								
	2021	3	4	19	28	31	5771		"KERMADEC ISLANDS: SSE OF RAOUL ISLAND"	-29.74	-177.267	19	8.1	9																								
	2021	3	18	0	4	6	5776		"ALGERIA: BEJAIA"	36.915	5.199	8	6	8					17	1		1				1					17	1		1				1
	2021	3	20	9	9	43			"JAPAN:  HONSHU ISLAND"	38.452	141.648	43	7	7					11	1	550	4									11	1	550	4				
	2021	3	23	21	14	18			"CHINA: XINGJIANG: AKSU"	41.812	81.155	10	5.4		3	1						2			65	2	3	1						2			65	2
	2021	4	10	7	0	17			"INDONESIA: JAVA: LUMAJANG, MALANG"	-8.562	112.519	82	6	5	10	1			39	1		3	85	2	3024	4	10	1			39	1		3	85	2	3024	4
	2021	4	28	2	21	26			"INDIA:  ASSAM"	26.782	92.436	34	6	9	2	1			12	1		2			428	3	2	1			12	1		2			428	3
	2021	5	21	13	48	37			"CHINA: YUNNAN PROVINCE: YANGBI, YONGPING"	25.761	100.011	9	6.1	8	3	1			28	1	49	4					3	3			28	1	49	4				
	2021	5	21	18	4	13			"CHINA: QINGHAI PROVINCE"	34.598	98.251	10	7.3	9	20	1			300	3		1					20	1			300	3		1				
	2021	5	25	9	3	0		7536	"RWANDA: RUBAVU; CONGO"	-1.601	29.4	10	4.7	7								2		1		1	32	1						3	5000	4		1
	2021	6	10	8	54	17			"CONGO: SOUTH KIVU"	-3.086	28.259	10	5	5	2	1				1		2			500	3	2	1				1		2			500	3
	2021	6	16	4	43	7	5788		"INDONESIA: MALUKU"	-3.593	129.503	10	5.8	6								1				1								1				1
	2021	6	23	2	54	18			"PERU: CANETE: MALA"	-12.687	-76.721	50	5.8	7	1	1			20	1		2	6	1		1	1	1			20	1		2	6	1		1
	2021	7	10	2	14	43			"TAJIKISTAN: RASHT; TOJIKOBOD"	38.959	70.572	16	5.8	8	5	1						1		1			5	1						1		1		
	2021	7	29	6	15	47	5799		"ALASKA PENINSULA"	55.325	-157.841	32	8.2	8																								
	2021	7	30	17	10	19			"PERU:  PIURA"	-4.934	-80.602	32	6.2	7					34	1		2	42	1	831	3					34	1		2	42	1	831	3
	2021	8	11	17	46	14	5801		"PHILIPPINES:  MINDANAO"	6.455	126.742	65	7.1	9	1	1											1	1										
	2021	8	12	18	32	54			"SOUTH SANDWICH ISLANDS"	-57.596	-25.187	63	7.5																									
	2021	8	12	18	35	20	5802		"SOUTH SANDWICH ISLANDS"	-58.416	-25.321	48	8.1																									
	2021	8	14	12	29	8	5803		"HAITI"	18.408	-73.475	10	7.2	9	2248	4	329	3	12763	4	1600	4	53815	4	83770	4	2248	4	329	3	12763	4	1600	4	53815	4	83770	4
	2021	8	26	2	14	22			"INDONESIA: CENTRAL SULAWESI: TOJO UNA-UNA"	-0.854	121.523	8	5.5	5	1	1						1		1			1	1						1		1		
	2021	9	8	1	47	47	5806		"MEXICO:  GUERRERO"	16.982	-99.773	20	7	7	3	1				1	200	4			7317	4	3	1				1	200	4			7317	4
	2021	9	15	20	33	32			"CHINA: SICHUAN PROVINCE: LUXIAN (LU)"	29.182	105.391	10	5.4	7	3	1			88	2	250	4	809	3	7290	4	3	1			88	2	250	4	809	3	7290	4
	2021	9	21	23	15	53			"AUSTRALIA: MELBOURNE"	-37.491	146.363	10	5.9	5								2			46	1								2			46	1
	2021	9	27	6	17	22			"GREECE:  CRETE"	35.252	25.26	8	6	8	1	1			20	1		3	772	3			1	1			20	1		3	772	3		
	2021	10	6	22	1	8			"PAKISTAN: BALOCHISTAN PROVINCE"	30.22	68.014	9	5.9	8	42	1			229	3		2		3		2	42	1			229	3		2		3		2
	2021	10	12	9	24	3	5817		"GREECE: CRETE"	35.193	26.256	10	6.4	8								1				1								1				1
	2021	10	15	20	18	21			"INDONESIA:  BALI: KARANGASEM, BANGLI"	-8.356	115.458	10	5.1	8	3	1			82	2		3	366	3	524	3	3	1			82	2		3	366	3	524	3
	2021	11	14	12	8	38			"IRAN:  HORMOZGAN PROVINCE"	27.736	56.077	10	6.3	9	2	1				2	165	4				2	2	1				2	165	4				2
	2021	11	28	10	52	13			"PERU:  AMAZONAS"	-4.49	-76.846	112	7.5	8					3	1		3	448	3	1699	4					3	1		3	448	3	1699	4
	2021	12	14	3	20	24	5822		"INDONESIA:  FLORES REGION"	-7.603	122.2	18	7.3	9					1	1		2	41	1	200	3					1	1		2	41	1	200	3
	2022	1	7	17	45	30			"CHINA: QINGHAI, GANSU"	37.815	101.278	13	6.6	9					9	1		4			8830	4					9	1		3			8830	4
	2022	1	14	9	5	42			"INDONESIA: PANDEGLANG, BANTEN"	-6.929	105.251	37	6.6	8								3	395	3	2683	4								3	395	3	2683	4
	2022	1	17	11	40	8			"AFGHANISTAN: BADGHIS: QADIS"	34.946	63.58	18	5.3	8	28	1			4	1		3	800	3			28	1			4	1		3	800	3		
	2022	1	24	13	16	23			"HAITI: NIPPES"	18.458	-73.337	10	5.3	7	2	1			52	2		3	190	3	590	3	2	1			52	2		3	190	3	590	3
	2022	1	29	2	46	39	5828		"NEW ZEALAND: KERMADEC ISLANDS"	-29.531	-176.749	10	6.5																									
	2022	2	16	7	12	25			"GUATEMALA: BAJA VERAPAZ, GUATEMALA, QUEZALTENANGO"	14.193	-91.297	83	6.2	8	3	1			2	1		2	2	1	31	1	3	1			2	1		2	2	1	31	1
	2022	2	25	1	39	27			"INDONESIA: W SUMATRA: PASAMAN, WEST PASAMAN"	0.233	100.106	12	6.2	9	11	1	4	1	388	3		3	103	3	4800	4	11	1	4	1	388	3		3	103	3	4800	4
	2022	3	16	14	36	33	5832		"JAPAN:  OFF FUKUSHIMA"	37.702	141.587	63	7.3	9	4	1			107	3		2					4	1			107	3		2				
	2022	3	22	17	41	38			"TAIWAN: HUALIEN, T'AIT-TUNG"	23.412	121.562	24	6.7	7					1	1	1.52	2				2					1	1	1.52	2				2
	2022	3	27	4	28	13			"ECUADOR:  ESMERALDAS"	0.909	-79.589	26	5.8	8								3	154	3	613	3								3	154	3	613	3
	2022	3	30	20	56	58	5833		"NEW CALEDONIA:  LOYALTY ISLANDS"	-22.716	170.286	10	6.9	7																								
	2022	3	31	5	44	1	5834		"NEW CALEDONIA:  LOYALTY ISLANDS"	-22.579	170.354	10	7	6																								
	2022	4	22	21	7	48			"BALKANS NW: BOSNIA-HERZEGOVINA: MOSTAR, STOLAC"	43.061	18.176	10	5.7	7	1	1				1		3			350	3	1	1				1		3			350	3
	2022	4	23	1	39	41.6			"POLAND:  SILESIAN:  JASTRZEBIE-ZDROJ"	50.04	18.59	1	2.8		10	1											10	1										
	2022	5	12	21	55	48			"PERU: LIMA, CALLAO, CHILCA"	-12.36	-76.89	55	5.4	7	2	1			11	1		1	4	1	4	1	2	1			11	1		1	4	1	4	1
	2022	5	25	21	43	2	5850		"MEXICO:  OAXACA"	16.325	-95.856	34	5.5	5																								
	2022	5	26	12	2	20			"PERU: PUNO"	-14.863	-70.308	217	7.2	7								2	2	1	87	2								2	2	1	87	2
	2022	6	1	9	0	8			"CHINA: SICHUAN PROVINCE"	30.416	102.989	10	5.9	7	4	1			14	1		2				2	4	1			14	1		2				2
	2022	6	9	17	28	37			"CHINA:  SICHUAN PROVINCE"	32.365	101.878	16	5.9	8					4	1		2		3							4	1		2		3		
	2022	6	21	20	54	36			"AFGHANISTAN: PAKTIKA PROVINCE; PAKISTAN"	33.092	69.514	10	5.9	9	1150	4			1600	4		4	3000	4		4	1150	4			1600	4		4	3000	4		4
	2022	7	1	21	32	8			"IRAN:  HORMOZGAN PROVINCE"	26.935	55.254	16	6		5	1			110	3		2					5	1			110	3		2				
	2022	7	5	8	47	26.4			"RUSSIA:  KEMEROVO"	53.75	88.04	10	4.4		2	1											2	1										
	2022	7	12	23	36	11			"PERU: MOQUEGUA, AREQUIPA"	-16.783	-71.31	10	5.5	7					3	1		3	5	1	787	3					3	1		3	5	1	787	3
	2022	7	14	22	30	12			"ECUADOR: GUAYAS"	-2.04	-79.811	73	5.7	5	1	1						2			7	1	1	1						2			7	1
	2022	7	27	0	43	24	5855		"PHILIPPINES: LUZON: ABRA"	17.56	120.801	10	7	9	11	1			609	3	48.48	4	856	3	35924	4	11	1			609	3	48.48	4	856	3	35924	4
	2022	9	4	21	57	35			"AFGHANISTAN: KUNAR, LAGHMAN, NANGARHAR"	34.662	70.702	10	5.1	7	8	1						2					8	1						2				
	2022	9	5	4	52	19			"CHINA:  SICHUAN PROVINCE"	29.726	102.279	10	6.6	9	93	2	25	1	400	3		3					93	2	25	1	400	3		3				
	2022	9	10	23	46	57			"PAPUA NEW GUINEA: MOROBE, EASTERN HIGHLANDS"	-6.256	146.469	90	7.6	8	12	1			42	1		3		3			12	1			42	1		3		3		
	2022	9	18	6	44	14			"TAIWAN:  HUALIEN"	23.159	121.316	10	6.9	9	1	1			140	3		2				2	1	1			140	3		2				2
	2022	9	19	18	5	6	5859		"MEXICO:  MICHOACAN, COLIMA, JALISCO"	18.367	-103.252	15	7.6	9	2	1				1		4	800		6084		2	1				1		4	800		6084	4
	2022	9	22	6	16	9	5861		"MEXICO: MEXICO CITY, MICHOACAN"	18.308	-102.923	24	6.8	8	2	1			3	1		2					2	2			3	1		2				
	2022	9	30	19	28	40			"INDONESIA:  SUMATRA"	2.109	98.928	21	5.9	7	1	1				1		2					1	1				1		2				
	2022	10	5	0	21	29			"IRAN:  KHOY; WEST AZERBAIJAN"	38.511	45.038	15	5.6	7					1127	4		3		2		3					1127	4		3		2		3
	2022	10	5	8	26	21			"PERU:  PIURA"	-4.912	-80.56	48	5.8	8	1	1			2	1							1	1			2	1						
	2022	10	25	14	59	3			"PHILIPPINES: LUZON: ABRA"	17.662	120.823	27	6.4	8					139	3	1.444	2	434	1	13012	4					139	3	1.444	2	434	1	13012	4
	2022	11	8	20	27	23			"NEPAL:  SUDURPASHCHIM PROVINCE"	29.274	81.149	18	5.7	7	6	1			8	1		1				1	6	1			8	1		1				1
	2022	11	11	10	48	45	5866		"TONGA ISLANDS"	-19.318	-172.1	24	7.3	5																								